store_id,product_id,location_id,aisle_id,shelf_id,rack_position,zone,distance_from_packing_m
101,10001,1,A08,S03,R02,Snacks,13.69
101,10002,2,A03,S01,R03,Frozen,13.97
101,10003,3,A05,S01,R01,Household,15.88
101,10004,4,A05,S06,R04,Household,28.81
101,10005,5,A01,S03,R05,Household,20.95
101,10006,6,A06,S01,R03,Household,12.91
101,10007,7,A02,S06,R04,Snacks,29.45
101,10008,8,A01,S02,R05,Bakery,18.65
101,10009,9,A08,S03,R03,Staples,16.12
101,10010,10,A02,S03,R03,Beverages,21.43
101,10011,11,A08,S05,R01,Snacks,26.48
101,10012,12,A10,S01,R03,Vegetables,16.24
101,10013,13,A12,S07,R01,Bakery,30.65
101,10014,14,A04,S06,R05,Frozen,30.52
101,10015,15,A11,S06,R01,Household,13.91
101,10016,16,A11,S02,R02,Personal Care,12.86
101,10017,17,A01,S04,R05,Beverages,11.95
101,10018,18,A02,S03,R04,Staples,11.35
101,10019,19,A11,S04,R05,Snacks,26.79
101,10020,20,A09,S03,R01,Beverages,18.3
101,10021,21,A04,S01,R03,Beverages,7.03
101,10022,22,A05,S02,R02,Fruits,8.93
101,10023,23,A05,S06,R02,Dairy,14.43
101,10024,24,A05,S01,R05,Snacks,13.5
101,10025,25,A06,S02,R03,Staples,10.21
101,10026,26,A12,S07,R03,Dairy,23.45
101,10027,27,A01,S07,R05,Staples,28.84
101,10028,28,A05,S03,R04,Staples,22.99
101,10029,29,A03,S04,R03,Fruits,24.22
101,10030,30,A06,S02,R02,Personal Care,20.69
101,10031,31,A09,S03,R04,Bakery,25.2
101,10032,32,A12,S01,R01,Household,26.18
101,10033,33,A08,S06,R03,Household,27.07
101,10034,34,A04,S01,R02,Vegetables,5.57
101,10035,35,A03,S04,R04,Dairy,5.8
101,10036,36,A12,S02,R03,Frozen,22.05
101,10037,37,A09,S04,R05,Beverages,23.0
101,10038,38,A06,S03,R01,Staples,5.25
101,10039,39,A08,S04,R02,Personal Care,18.91
101,10040,40,A04,S01,R03,Household,20.91
101,10041,41,A06,S02,R05,Household,21.04
101,10042,42,A02,S02,R02,Bakery,8.29
101,10043,43,A07,S05,R05,Vegetables,7.31
101,10044,44,A06,S02,R05,Beverages,14.68
101,10045,45,A03,S03,R05,Beverages,18.43
101,10046,46,A04,S01,R04,Dairy,31.02
101,10047,47,A09,S07,R05,Snacks,7.72
101,10048,48,A06,S03,R04,Bakery,28.52
101,10049,49,A07,S07,R03,Household,6.12
101,10050,50,A11,S05,R01,Personal Care,29.07
101,10051,51,A12,S07,R02,Frozen,25.79
101,10052,52,A12,S01,R02,Household,21.9
101,10053,53,A12,S01,R05,Vegetables,20.63
101,10054,54,A06,S04,R01,Frozen,30.04
101,10055,55,A07,S01,R02,Beverages,24.38
101,10056,56,A05,S06,R01,Vegetables,27.51
101,10057,57,A07,S07,R04,Frozen,20.23
101,10058,58,A12,S05,R03,Vegetables,17.14
101,10059,59,A07,S07,R02,Dairy,24.41
101,10060,60,A01,S07,R01,Beverages,5.42
101,10061,61,A01,S06,R04,Household,15.12
101,10062,62,A05,S04,R04,Bakery,25.47
101,10063,63,A08,S03,R05,Beverages,17.41
101,10064,64,A06,S03,R03,Bakery,28.1
101,10065,65,A11,S02,R04,Personal Care,14.77
101,10066,66,A08,S06,R05,Beverages,9.33
101,10067,67,A07,S03,R04,Vegetables,6.43
101,10068,68,A11,S03,R04,Fruits,32.54
101,10069,69,A09,S01,R04,Snacks,13.93
101,10070,70,A08,S04,R03,Personal Care,21.34
101,10071,71,A03,S03,R05,Frozen,14.76
101,10072,72,A09,S01,R02,Beverages,7.11
101,10073,73,A05,S07,R01,Bakery,26.6
101,10074,74,A11,S01,R05,Staples,32.67
101,10075,75,A07,S07,R04,Personal Care,9.22
101,10076,76,A02,S06,R05,Household,5.27
101,10077,77,A01,S06,R04,Dairy,9.13
101,10078,78,A11,S05,R05,Vegetables,34.96
101,10079,79,A07,S04,R05,Household,8.23
101,10080,80,A12,S06,R04,Staples,19.31
101,10081,81,A08,S02,R04,Beverages,6.57
101,10082,82,A06,S01,R03,Staples,37.92
101,10083,83,A09,S02,R05,Staples,11.33
101,10084,84,A03,S04,R02,Vegetables,9.62
101,10085,85,A02,S07,R01,Staples,32.29
101,10086,86,A10,S03,R02,Fruits,22.89
101,10087,87,A02,S04,R02,Fruits,40.06
101,10088,88,A06,S05,R02,Personal Care,18.7
101,10089,89,A02,S07,R01,Personal Care,15.22
101,10090,90,A01,S05,R05,Bakery,10.52
101,10091,91,A07,S03,R02,Staples,28.97
101,10092,92,A03,S04,R02,Bakery,8.32
101,10093,93,A06,S06,R03,Staples,27.17
101,10094,94,A12,S04,R04,Dairy,35.11
101,10095,95,A03,S03,R02,Household,27.33
101,10096,96,A04,S03,R01,Household,23.5
101,10097,97,A04,S02,R01,Household,38.44
101,10098,98,A10,S02,R04,Personal Care,20.16
101,10099,99,A06,S03,R03,Beverages,9.87
101,10100,100,A04,S01,R04,Household,21.68
101,10101,101,A11,S05,R02,Fruits,37.2
101,10102,102,A02,S07,R01,Household,20.57
101,10103,103,A12,S07,R02,Snacks,28.79
101,10104,104,A05,S03,R04,Beverages,10.09
101,10105,105,A10,S07,R04,Snacks,8.22
101,10106,106,A05,S03,R01,Snacks,22.78
101,10107,107,A02,S01,R02,Dairy,34.08
101,10108,108,A07,S04,R05,Bakery,7.75
101,10109,109,A05,S07,R01,Fruits,22.34
101,10110,110,A04,S01,R05,Bakery,23.12
101,10111,111,A02,S06,R02,Beverages,22.85
101,10112,112,A08,S02,R05,Personal Care,19.41
101,10113,113,A01,S05,R01,Personal Care,24.88
101,10114,114,A09,S02,R05,Beverages,21.95
101,10115,115,A07,S02,R01,Staples,6.27
101,10116,116,A05,S01,R03,Snacks,27.49
101,10117,117,A06,S06,R01,Dairy,37.24
101,10118,118,A07,S05,R02,Household,19.93
101,10119,119,A07,S01,R05,Snacks,11.16
101,10120,120,A12,S04,R04,Personal Care,26.35
101,10121,121,A11,S07,R01,Snacks,9.05
101,10122,122,A04,S04,R01,Snacks,21.73
101,10123,123,A09,S05,R03,Dairy,21.27
101,10124,124,A12,S06,R02,Snacks,12.42
101,10125,125,A12,S06,R03,Household,17.17
101,10126,126,A04,S05,R01,Vegetables,32.55
101,10127,127,A09,S04,R03,Personal Care,14.07
101,10128,128,A06,S02,R02,Dairy,19.04
101,10129,129,A09,S03,R02,Vegetables,9.47
101,10130,130,A10,S05,R02,Beverages,9.12
101,10131,131,A06,S01,R05,Frozen,9.53
101,10132,132,A03,S06,R02,Fruits,34.29
101,10133,133,A03,S07,R01,Fruits,35.29
101,10134,134,A04,S01,R04,Beverages,39.08
101,10135,135,A01,S01,R01,Frozen,7.58
101,10136,136,A07,S05,R04,Staples,19.07
101,10137,137,A11,S04,R01,Dairy,14.09
101,10138,138,A02,S01,R05,Fruits,6.78
101,10139,139,A06,S04,R01,Staples,19.84
101,10140,140,A10,S05,R05,Dairy,25.05
101,10141,141,A10,S05,R03,Staples,26.61
101,10142,142,A03,S01,R04,Fruits,31.66
101,10143,143,A06,S03,R04,Frozen,40.97
101,10144,144,A06,S03,R05,Fruits,29.81
101,10145,145,A11,S05,R04,Beverages,19.61
101,10146,146,A04,S02,R04,Personal Care,15.43
101,10147,147,A06,S06,R02,Bakery,24.57
101,10148,148,A08,S01,R05,Snacks,18.7
101,10149,149,A05,S06,R03,Snacks,7.08
101,10150,150,A08,S06,R01,Household,27.4
101,10151,151,A07,S06,R03,Frozen,22.18
101,10152,152,A04,S03,R04,Personal Care,23.2
101,10153,153,A03,S07,R05,Beverages,11.51
101,10154,154,A03,S01,R03,Beverages,28.76
101,10155,155,A08,S07,R01,Beverages,37.22
101,10156,156,A01,S02,R01,Staples,27.28
101,10157,157,A01,S03,R05,Vegetables,4.61
101,10158,158,A07,S06,R02,Bakery,19.71
101,10159,159,A01,S05,R01,Vegetables,7.86
101,10160,160,A06,S06,R01,Dairy,33.28
101,10161,161,A10,S07,R05,Bakery,6.9
101,10162,162,A12,S06,R03,Dairy,25.32
101,10163,163,A02,S01,R01,Household,23.4
101,10164,164,A07,S01,R04,Household,29.13
101,10165,165,A04,S07,R05,Personal Care,10.97
101,10166,166,A05,S07,R05,Beverages,41.89
101,10167,167,A05,S02,R04,Household,15.07
101,10168,168,A03,S04,R03,Bakery,5.6
101,10169,169,A10,S07,R04,Frozen,15.43
101,10170,170,A05,S01,R04,Snacks,29.38
101,10171,171,A08,S02,R03,Frozen,23.84
101,10172,172,A06,S07,R01,Bakery,24.73
101,10173,173,A02,S03,R04,Beverages,14.54
101,10174,174,A04,S04,R03,Personal Care,30.94
101,10175,175,A06,S03,R04,Beverages,31.45
101,10176,176,A03,S01,R05,Beverages,18.79
101,10177,177,A06,S01,R04,Bakery,30.98
101,10178,178,A11,S04,R04,Vegetables,35.84
101,10179,179,A06,S05,R04,Fruits,17.37
101,10180,180,A03,S01,R01,Vegetables,37.24
101,10181,181,A11,S04,R01,Personal Care,19.97
101,10182,182,A08,S07,R02,Personal Care,26.54
101,10183,183,A05,S05,R05,Personal Care,7.65
101,10184,184,A12,S05,R04,Vegetables,26.88
101,10185,185,A08,S04,R01,Frozen,8.1
101,10186,186,A09,S07,R04,Dairy,39.4
101,10187,187,A07,S03,R02,Vegetables,16.46
101,10188,188,A08,S06,R02,Bakery,25.3
101,10189,189,A01,S06,R04,Vegetables,8.18
101,10190,190,A01,S02,R02,Frozen,24.74
101,10191,191,A05,S02,R04,Vegetables,23.16
101,10192,192,A12,S04,R02,Frozen,19.39
101,10193,193,A12,S04,R03,Beverages,6.06
101,10194,194,A01,S04,R01,Personal Care,5.8
101,10195,195,A02,S07,R04,Beverages,36.12
101,10196,196,A07,S01,R02,Fruits,39.57
101,10197,197,A08,S04,R04,Household,18.44
101,10198,198,A12,S06,R01,Frozen,38.44
101,10199,199,A12,S01,R03,Fruits,39.44
101,10200,200,A12,S03,R05,Household,13.93
101,10201,201,A06,S05,R01,Fruits,14.52
101,10202,202,A04,S03,R04,Household,10.19
101,10203,203,A05,S05,R05,Household,17.71
101,10204,204,A09,S02,R01,Beverages,15.08
101,10205,205,A12,S06,R03,Household,16.37
101,10206,206,A09,S05,R04,Fruits,22.86
101,10207,207,A09,S01,R03,Dairy,8.43
101,10208,208,A03,S04,R04,Dairy,5.72
101,10209,209,A01,S04,R01,Beverages,35.56
101,10210,210,A12,S06,R01,Frozen,9.27
101,10211,211,A04,S03,R02,Bakery,10.14
101,10212,212,A04,S04,R01,Beverages,5.9
101,10213,213,A05,S01,R03,Household,30.73
101,10214,214,A04,S02,R01,Fruits,23.41
101,10215,215,A02,S01,R04,Household,40.87
101,10216,216,A02,S05,R02,Vegetables,40.4
101,10217,217,A10,S05,R02,Staples,14.13
101,10218,218,A10,S04,R01,Snacks,17.02
101,10219,219,A05,S07,R05,Snacks,23.78
101,10220,220,A06,S07,R03,Bakery,4.06
101,10221,221,A12,S02,R05,Beverages,37.55
101,10222,222,A12,S06,R04,Staples,6.01
101,10223,223,A02,S01,R05,Dairy,27.24
101,10224,224,A11,S06,R04,Household,12.72
101,10225,225,A08,S03,R03,Beverages,10.64
101,10226,226,A05,S02,R05,Household,35.04
101,10227,227,A03,S07,R02,Personal Care,28.54
101,10228,228,A10,S03,R04,Beverages,37.48
101,10229,229,A11,S07,R05,Vegetables,8.21
101,10230,230,A02,S02,R03,Personal Care,18.42
101,10231,231,A08,S05,R03,Bakery,32.49
101,10232,232,A10,S04,R03,Snacks,36.34
101,10233,233,A12,S04,R01,Dairy,21.99
101,10234,234,A10,S01,R04,Personal Care,34.32
101,10235,235,A02,S02,R01,Personal Care,34.0
101,10236,236,A04,S03,R02,Dairy,36.98
101,10237,237,A08,S03,R03,Household,37.16
101,10238,238,A05,S01,R05,Beverages,11.01
101,10239,239,A09,S04,R02,Household,14.9
101,10240,240,A02,S03,R05,Dairy,14.72
101,10241,241,A02,S04,R01,Bakery,23.92
101,10242,242,A06,S02,R05,Beverages,17.64
101,10243,243,A06,S03,R01,Bakery,35.9
101,10244,244,A02,S01,R02,Vegetables,12.48
101,10245,245,A04,S05,R02,Personal Care,41.53
101,10246,246,A05,S02,R03,Bakery,29.2
101,10247,247,A08,S04,R03,Personal Care,29.42
101,10248,248,A07,S07,R03,Bakery,5.39
101,10249,249,A03,S05,R05,Bakery,23.67
101,10250,250,A09,S01,R05,Snacks,31.17
101,10251,251,A07,S02,R05,Household,5.1
101,10252,252,A07,S02,R02,Bakery,4.74
101,10253,253,A01,S04,R01,Fruits,5.68
101,10254,254,A03,S04,R02,Frozen,22.19
101,10255,255,A08,S03,R04,Frozen,5.43
101,10256,256,A12,S04,R03,Snacks,5.72
101,10257,257,A11,S07,R03,Beverages,19.78
101,10258,258,A06,S03,R02,Vegetables,22.34
101,10259,259,A07,S05,R03,Personal Care,10.59
101,10260,260,A12,S02,R04,Snacks,16.13
101,10261,261,A09,S05,R02,Fruits,30.75
101,10262,262,A11,S07,R03,Dairy,16.12
101,10263,263,A08,S01,R04,Bakery,31.04
101,10264,264,A10,S01,R01,Frozen,27.38
101,10265,265,A08,S06,R03,Beverages,41.8
101,10266,266,A11,S06,R04,Beverages,23.73
101,10267,267,A08,S04,R02,Beverages,35.96
101,10268,268,A04,S01,R02,Household,12.18
101,10269,269,A05,S06,R01,Dairy,32.71
101,10270,270,A02,S01,R05,Dairy,29.95
101,10271,271,A03,S01,R03,Fruits,41.66
101,10272,272,A06,S01,R03,Beverages,16.95
101,10273,273,A11,S04,R02,Personal Care,14.04
101,10274,274,A02,S02,R04,Beverages,31.74
101,10275,275,A06,S01,R02,Beverages,8.29
101,10276,276,A08,S03,R01,Frozen,5.41
101,10277,277,A05,S03,R04,Bakery,9.55
101,10278,278,A09,S07,R03,Snacks,40.46
101,10279,279,A04,S06,R05,Snacks,13.65
101,10280,280,A02,S03,R05,Beverages,30.78
101,10281,281,A03,S05,R03,Staples,39.46
101,10282,282,A09,S05,R01,Fruits,27.83
101,10283,283,A03,S06,R01,Frozen,25.35
101,10284,284,A02,S01,R02,Vegetables,4.74
101,10285,285,A03,S02,R02,Snacks,28.86
101,10286,286,A05,S05,R01,Snacks,16.39
101,10287,287,A12,S06,R04,Staples,11.84
101,10288,288,A01,S02,R04,Beverages,41.46
101,10289,289,A07,S01,R05,Fruits,40.84
101,10290,290,A02,S04,R02,Dairy,37.82
101,10291,291,A12,S01,R02,Vegetables,32.7
101,10292,292,A02,S01,R01,Staples,14.12
101,10293,293,A03,S03,R01,Dairy,24.12
101,10294,294,A03,S04,R01,Staples,22.31
101,10295,295,A12,S01,R01,Snacks,31.32
101,10296,296,A12,S04,R03,Bakery,35.75
101,10297,297,A01,S01,R02,Vegetables,23.75
101,10298,298,A08,S06,R04,Snacks,10.28
101,10299,299,A03,S06,R05,Vegetables,32.7
101,10300,300,A09,S04,R05,Bakery,16.02
101,10301,301,A09,S01,R01,Personal Care,23.86
101,10302,302,A03,S07,R01,Personal Care,37.35
101,10303,303,A10,S01,R05,Bakery,11.85
101,10304,304,A03,S01,R01,Fruits,6.95
101,10305,305,A05,S06,R04,Fruits,23.89
101,10306,306,A11,S01,R01,Personal Care,39.17
101,10307,307,A07,S03,R05,Household,5.72
101,10308,308,A05,S05,R01,Household,25.36
101,10309,309,A07,S03,R05,Frozen,32.65
101,10310,310,A12,S03,R03,Household,40.92
101,10311,311,A04,S01,R03,Vegetables,8.84
101,10312,312,A05,S03,R01,Bakery,11.97
101,10313,313,A06,S06,R01,Personal Care,4.67
101,10314,314,A02,S02,R03,Frozen,38.56
101,10315,315,A12,S01,R01,Frozen,36.28
101,10316,316,A12,S06,R05,Fruits,32.2
101,10317,317,A09,S03,R03,Fruits,9.21
101,10318,318,A11,S07,R02,Dairy,16.31
101,10319,319,A12,S03,R04,Bakery,11.65
101,10320,320,A04,S03,R01,Snacks,19.43
101,10321,321,A02,S03,R05,Snacks,27.53
101,10322,322,A01,S01,R04,Vegetables,17.28
101,10323,323,A11,S04,R05,Vegetables,8.32
101,10324,324,A07,S07,R02,Staples,21.42
101,10325,325,A07,S07,R04,Beverages,39.4
101,10326,326,A11,S06,R03,Staples,27.81
101,10327,327,A11,S02,R04,Frozen,17.98
101,10328,328,A10,S04,R02,Vegetables,32.66
101,10329,329,A02,S06,R02,Fruits,30.81
101,10330,330,A04,S07,R02,Frozen,23.82
101,10331,331,A07,S03,R05,Personal Care,9.03
101,10332,332,A05,S03,R04,Fruits,22.4
101,10333,333,A02,S02,R01,Personal Care,30.75
101,10334,334,A02,S07,R05,Snacks,27.9
101,10335,335,A04,S02,R01,Frozen,15.79
101,10336,336,A11,S05,R01,Fruits,18.66
101,10337,337,A11,S06,R02,Frozen,35.41
101,10338,338,A01,S04,R03,Frozen,37.61
101,10339,339,A12,S03,R01,Bakery,23.49
101,10340,340,A10,S06,R02,Bakery,7.25
101,10341,341,A06,S07,R01,Snacks,19.08
101,10342,342,A06,S07,R01,Dairy,26.09
101,10343,343,A06,S06,R03,Fruits,4.14
101,10344,344,A03,S05,R03,Beverages,18.68
101,10345,345,A11,S06,R04,Frozen,26.41
101,10346,346,A02,S06,R04,Frozen,18.54
101,10347,347,A07,S07,R04,Bakery,5.4
101,10348,348,A11,S04,R03,Staples,11.35
101,10349,349,A09,S06,R03,Dairy,21.29
101,10350,350,A02,S01,R01,Household,8.15
101,10351,351,A08,S02,R03,Staples,24.08
101,10352,352,A07,S04,R03,Staples,14.54
101,10353,353,A06,S05,R02,Fruits,14.59
101,10354,354,A06,S03,R05,Staples,23.57
101,10355,355,A08,S01,R02,Bakery,7.71
101,10356,356,A01,S01,R04,Snacks,40.98
101,10357,357,A12,S05,R05,Beverages,38.18
101,10358,358,A03,S06,R04,Vegetables,34.06
101,10359,359,A05,S07,R02,Dairy,13.0
101,10360,360,A05,S02,R04,Household,40.26
101,10361,361,A04,S05,R05,Vegetables,37.04
101,10362,362,A05,S03,R01,Personal Care,38.2
101,10363,363,A11,S04,R01,Beverages,25.87
101,10364,364,A08,S06,R03,Vegetables,16.72
101,10365,365,A07,S03,R05,Staples,4.71
101,10366,366,A11,S04,R02,Dairy,24.2
101,10367,367,A03,S07,R01,Household,9.56
101,10368,368,A11,S07,R02,Household,13.03
101,10369,369,A10,S04,R01,Vegetables,7.77
101,10370,370,A05,S06,R05,Fruits,40.95
101,10371,371,A11,S07,R04,Dairy,39.26
101,10372,372,A11,S01,R04,Frozen,11.4
101,10373,373,A02,S04,R05,Frozen,37.42
101,10374,374,A12,S07,R05,Fruits,11.2
101,10375,375,A02,S04,R02,Dairy,40.59
101,10376,376,A12,S03,R02,Bakery,11.17
101,10377,377,A12,S06,R05,Dairy,24.58
101,10378,378,A08,S05,R04,Staples,4.42
101,10379,379,A09,S01,R04,Staples,17.32
101,10380,380,A10,S02,R02,Bakery,17.05
101,10381,381,A11,S07,R02,Household,36.96
101,10382,382,A02,S02,R05,Bakery,37.67
101,10383,383,A07,S07,R03,Vegetables,22.15
101,10384,384,A07,S02,R03,Snacks,23.89
101,10385,385,A03,S02,R01,Household,11.65
101,10386,386,A02,S03,R01,Staples,4.31
101,10387,387,A05,S05,R01,Dairy,12.52
101,10388,388,A02,S06,R04,Bakery,26.84
101,10389,389,A08,S04,R01,Fruits,23.73
101,10390,390,A08,S07,R04,Vegetables,7.47
101,10391,391,A08,S06,R04,Frozen,7.02
101,10392,392,A06,S01,R04,Household,27.38
101,10393,393,A11,S03,R01,Vegetables,9.6
101,10394,394,A03,S01,R03,Frozen,31.49
101,10395,395,A05,S06,R01,Beverages,39.46
101,10396,396,A06,S07,R05,Snacks,13.28
101,10397,397,A01,S02,R05,Beverages,22.27
101,10398,398,A10,S05,R03,Bakery,8.44
101,10399,399,A02,S01,R04,Frozen,6.98
101,10400,400,A11,S05,R01,Dairy,19.87
101,10401,401,A04,S04,R01,Bakery,30.14
101,10402,402,A12,S04,R05,Fruits,35.97
101,10403,403,A05,S06,R03,Fruits,8.44
101,10404,404,A05,S07,R05,Bakery,39.81
101,10405,405,A01,S05,R03,Dairy,8.63
101,10406,406,A01,S06,R02,Personal Care,6.94
101,10407,407,A07,S01,R05,Frozen,20.43
101,10408,408,A04,S05,R01,Bakery,37.23
101,10409,409,A01,S01,R03,Fruits,4.62
101,10410,410,A10,S07,R02,Snacks,30.21
101,10411,411,A10,S04,R04,Frozen,21.58
101,10412,412,A06,S07,R05,Personal Care,14.69
101,10413,413,A12,S01,R05,Household,17.26
101,10414,414,A09,S07,R02,Snacks,11.27
101,10415,415,A09,S06,R04,Beverages,24.52
101,10416,416,A09,S06,R05,Bakery,20.57
101,10417,417,A06,S03,R04,Staples,22.92
101,10418,418,A02,S01,R02,Staples,4.66
101,10419,419,A03,S06,R05,Dairy,12.0
101,10420,420,A06,S03,R05,Household,35.01
101,10421,421,A05,S02,R02,Dairy,35.48
101,10422,422,A05,S04,R01,Household,27.15
101,10423,423,A11,S04,R03,Staples,32.02
101,10424,424,A05,S04,R05,Bakery,37.21
101,10425,425,A07,S02,R02,Beverages,30.8
101,10426,426,A11,S01,R05,Bakery,40.96
101,10427,427,A08,S04,R02,Snacks,41.02
101,10428,428,A08,S05,R03,Frozen,11.79
101,10429,429,A03,S03,R02,Dairy,4.39
101,10430,430,A09,S06,R01,Vegetables,5.94
101,10431,431,A07,S01,R05,Frozen,8.18
101,10432,432,A04,S05,R02,Vegetables,39.05
101,10433,433,A10,S06,R04,Bakery,15.26
101,10434,434,A04,S02,R03,Beverages,40.19
101,10435,435,A03,S06,R05,Snacks,38.71
101,10436,436,A02,S01,R03,Personal Care,34.12
101,10437,437,A07,S05,R01,Vegetables,23.44
101,10438,438,A01,S02,R05,Frozen,35.54
101,10439,439,A11,S07,R03,Snacks,36.4
101,10440,440,A11,S04,R04,Fruits,4.17
101,10441,441,A07,S05,R02,Frozen,15.24
101,10442,442,A03,S01,R01,Frozen,38.77
101,10443,443,A03,S04,R01,Beverages,7.02
101,10444,444,A05,S02,R04,Dairy,40.22
101,10445,445,A11,S03,R01,Snacks,5.36
101,10446,446,A05,S01,R02,Snacks,8.13
101,10447,447,A06,S05,R05,Bakery,38.58
101,10448,448,A03,S04,R04,Personal Care,19.67
101,10449,449,A08,S05,R03,Staples,10.06
101,10450,450,A09,S04,R02,Bakery,25.66
101,10451,451,A09,S07,R02,Household,26.01
101,10452,452,A10,S06,R01,Bakery,6.35
101,10453,453,A05,S04,R02,Household,34.1
101,10454,454,A03,S01,R04,Beverages,40.94
101,10455,455,A03,S01,R01,Dairy,18.8
101,10456,456,A05,S05,R03,Frozen,7.2
101,10457,457,A05,S07,R02,Bakery,39.01
101,10458,458,A02,S07,R01,Snacks,21.71
101,10459,459,A12,S01,R02,Bakery,16.31
101,10460,460,A05,S05,R02,Frozen,34.05
101,10461,461,A07,S06,R04,Household,25.42
101,10462,462,A09,S03,R05,Staples,34.92
101,10463,463,A08,S05,R01,Beverages,12.68
101,10464,464,A07,S04,R02,Beverages,30.76
101,10465,465,A07,S07,R04,Personal Care,7.32
101,10466,466,A12,S07,R03,Household,8.45
101,10467,467,A05,S04,R05,Staples,6.21
101,10468,468,A11,S04,R02,Dairy,6.27
101,10469,469,A03,S07,R04,Personal Care,9.41
101,10470,470,A02,S01,R05,Bakery,25.06
101,10471,471,A09,S02,R01,Fruits,8.87
101,10472,472,A07,S04,R02,Staples,26.3
101,10473,473,A03,S03,R03,Fruits,32.15
101,10474,474,A06,S02,R01,Household,11.83
101,10475,475,A08,S05,R01,Beverages,36.98
101,10476,476,A08,S06,R01,Fruits,12.24
101,10477,477,A10,S03,R01,Vegetables,39.89
101,10478,478,A10,S01,R03,Snacks,29.07
101,10479,479,A07,S04,R03,Household,20.5
101,10480,480,A08,S05,R02,Personal Care,11.96
101,10481,481,A08,S06,R05,Frozen,10.1
101,10482,482,A06,S06,R04,Staples,14.86
101,10483,483,A07,S07,R03,Household,4.96
101,10484,484,A02,S02,R01,Personal Care,36.83
101,10485,485,A08,S04,R05,Fruits,29.21
101,10486,486,A10,S05,R04,Beverages,23.96
101,10487,487,A01,S04,R03,Bakery,11.15
101,10488,488,A09,S06,R05,Vegetables,35.4
101,10489,489,A03,S05,R01,Frozen,7.82
101,10490,490,A12,S02,R05,Beverages,25.64
101,10491,491,A12,S07,R03,Bakery,39.29
101,10492,492,A06,S05,R03,Personal Care,4.66
101,10493,493,A07,S03,R03,Frozen,23.17
101,10494,494,A06,S02,R05,Staples,38.34
101,10495,495,A09,S01,R05,Fruits,34.63
101,10496,496,A01,S03,R02,Beverages,5.15
101,10497,497,A05,S03,R05,Snacks,13.53
101,10498,498,A08,S06,R02,Fruits,10.04
101,10499,499,A10,S04,R05,Fruits,34.47
101,10500,500,A09,S02,R03,Fruits,12.55
102,10001,501,A01,S05,R02,Snacks,16.96
102,10002,502,A03,S06,R03,Frozen,28.94
102,10003,503,A09,S01,R04,Household,13.04
102,10004,504,A08,S03,R03,Household,6.88
102,10005,505,A05,S04,R03,Household,20.97
102,10006,506,A02,S02,R04,Household,20.64
102,10007,507,A12,S02,R05,Snacks,8.42
102,10008,508,A08,S01,R05,Bakery,18.14
102,10009,509,A09,S03,R02,Staples,12.44
102,10010,510,A04,S04,R01,Beverages,22.08
102,10011,511,A06,S07,R02,Snacks,22.17
102,10012,512,A07,S05,R01,Vegetables,21.79
102,10013,513,A10,S06,R01,Bakery,8.5
102,10014,514,A01,S03,R01,Frozen,11.24
102,10015,515,A07,S01,R01,Household,18.97
102,10016,516,A02,S05,R04,Personal Care,13.66
102,10017,517,A02,S04,R01,Beverages,19.15
102,10018,518,A07,S01,R03,Staples,10.64
102,10019,519,A12,S03,R01,Snacks,16.06
102,10020,520,A01,S01,R03,Beverages,26.46
102,10021,521,A09,S02,R04,Beverages,21.66
102,10022,522,A02,S01,R02,Fruits,26.07
102,10023,523,A08,S02,R03,Dairy,26.11
102,10024,524,A08,S05,R01,Snacks,7.74
102,10025,525,A02,S02,R04,Staples,11.67
102,10026,526,A05,S03,R02,Dairy,21.63
102,10027,527,A12,S06,R04,Staples,21.91
102,10028,528,A06,S01,R04,Staples,17.42
102,10029,529,A05,S02,R03,Fruits,31.49
102,10030,530,A12,S04,R01,Personal Care,24.4
102,10031,531,A08,S02,R01,Bakery,7.48
102,10032,532,A08,S01,R04,Household,25.18
102,10033,533,A08,S03,R02,Household,13.52
102,10034,534,A06,S01,R05,Vegetables,9.36
102,10035,535,A03,S05,R04,Dairy,10.19
102,10036,536,A10,S06,R05,Frozen,28.15
102,10037,537,A01,S04,R01,Beverages,20.26
102,10038,538,A12,S01,R03,Staples,16.36
102,10039,539,A12,S06,R03,Personal Care,19.44
102,10040,540,A08,S06,R04,Household,30.96
102,10041,541,A01,S02,R04,Household,19.1
102,10042,542,A10,S07,R05,Bakery,8.19
102,10043,543,A04,S02,R03,Vegetables,15.73
102,10044,544,A12,S01,R05,Beverages,8.45
102,10045,545,A06,S06,R01,Beverages,13.18
102,10046,546,A01,S05,R05,Dairy,29.56
102,10047,547,A04,S07,R01,Snacks,15.71
102,10048,548,A08,S07,R03,Bakery,28.93
102,10049,549,A10,S04,R02,Household,18.83
102,10050,550,A06,S07,R03,Personal Care,8.73
102,10051,551,A10,S03,R02,Frozen,6.78
102,10052,552,A10,S07,R01,Household,14.78
102,10053,553,A11,S06,R03,Vegetables,19.51
102,10054,554,A11,S02,R01,Frozen,18.71
102,10055,555,A06,S05,R02,Beverages,20.56
102,10056,556,A03,S02,R05,Vegetables,22.68
102,10057,557,A01,S03,R03,Frozen,27.81
102,10058,558,A09,S04,R03,Vegetables,20.12
102,10059,559,A01,S02,R02,Dairy,25.56
102,10060,560,A09,S06,R04,Beverages,10.28
102,10061,561,A05,S03,R05,Household,34.26
102,10062,562,A09,S02,R02,Bakery,8.95
102,10063,563,A06,S07,R05,Beverages,24.87
102,10064,564,A03,S07,R03,Bakery,34.91
102,10065,565,A11,S05,R02,Personal Care,20.97
102,10066,566,A05,S02,R03,Beverages,28.83
102,10067,567,A04,S05,R01,Vegetables,26.28
102,10068,568,A09,S01,R02,Fruits,6.37
102,10069,569,A11,S03,R02,Snacks,28.55
102,10070,570,A10,S04,R04,Personal Care,11.35
102,10071,571,A03,S03,R03,Frozen,24.08
102,10072,572,A11,S04,R02,Beverages,13.91
102,10073,573,A02,S07,R02,Bakery,5.16
102,10074,574,A04,S02,R01,Staples,38.76
102,10075,575,A01,S05,R03,Personal Care,40.18
102,10076,576,A09,S04,R04,Household,40.96
102,10077,577,A02,S04,R03,Dairy,41.32
102,10078,578,A01,S02,R04,Vegetables,36.55
102,10079,579,A07,S05,R01,Household,20.57
102,10080,580,A09,S06,R03,Staples,36.35
102,10081,581,A05,S05,R03,Beverages,13.34
102,10082,582,A04,S06,R01,Staples,35.12
102,10083,583,A04,S01,R01,Staples,12.96
102,10084,584,A10,S06,R03,Vegetables,34.1
102,10085,585,A10,S07,R03,Staples,19.72
102,10086,586,A11,S04,R04,Fruits,30.31
102,10087,587,A03,S04,R04,Fruits,4.69
102,10088,588,A04,S03,R03,Personal Care,13.44
102,10089,589,A05,S02,R02,Personal Care,11.07
102,10090,590,A10,S05,R04,Bakery,41.63
102,10091,591,A10,S07,R03,Staples,6.3
102,10092,592,A05,S07,R01,Bakery,22.94
102,10093,593,A12,S07,R03,Staples,19.38
102,10094,594,A06,S01,R05,Dairy,23.3
102,10095,595,A08,S03,R05,Household,29.11
102,10096,596,A12,S03,R04,Household,17.6
102,10097,597,A06,S07,R02,Household,13.81
102,10098,598,A11,S01,R05,Personal Care,21.36
102,10099,599,A05,S02,R03,Beverages,29.68
102,10100,600,A11,S03,R01,Household,40.44
102,10101,601,A09,S04,R05,Fruits,28.5
102,10102,602,A08,S01,R01,Household,30.27
102,10103,603,A04,S05,R03,Snacks,7.38
102,10104,604,A03,S06,R03,Beverages,34.54
102,10105,605,A12,S03,R01,Snacks,33.09
102,10106,606,A07,S04,R05,Snacks,11.47
102,10107,607,A07,S07,R02,Dairy,12.26
102,10108,608,A05,S03,R03,Bakery,13.06
102,10109,609,A06,S03,R02,Fruits,36.58
102,10110,610,A07,S05,R02,Bakery,13.14
102,10111,611,A06,S06,R02,Beverages,17.99
102,10112,612,A05,S04,R04,Personal Care,10.2
102,10113,613,A01,S05,R05,Personal Care,22.21
102,10114,614,A11,S02,R04,Beverages,39.73
102,10115,615,A08,S05,R04,Staples,25.02
102,10116,616,A02,S04,R02,Snacks,9.11
102,10117,617,A02,S02,R04,Dairy,16.56
102,10118,618,A11,S01,R03,Household,26.83
102,10119,619,A11,S01,R01,Snacks,41.42
102,10120,620,A09,S07,R01,Personal Care,13.94
102,10121,621,A04,S06,R01,Snacks,24.22
102,10122,622,A05,S05,R01,Snacks,26.65
102,10123,623,A05,S03,R01,Dairy,7.37
102,10124,624,A11,S02,R02,Snacks,38.29
102,10125,625,A07,S04,R05,Household,38.12
102,10126,626,A02,S07,R01,Vegetables,15.91
102,10127,627,A08,S02,R02,Personal Care,28.26
102,10128,628,A04,S03,R02,Dairy,10.54
102,10129,629,A08,S01,R03,Vegetables,16.15
102,10130,630,A05,S04,R01,Beverages,29.69
102,10131,631,A05,S01,R04,Frozen,12.23
102,10132,632,A11,S03,R05,Fruits,37.71
102,10133,633,A05,S05,R05,Fruits,40.11
102,10134,634,A12,S02,R03,Beverages,4.43
102,10135,635,A09,S07,R03,Frozen,34.15
102,10136,636,A01,S03,R04,Staples,8.28
102,10137,637,A01,S02,R03,Dairy,23.49
102,10138,638,A09,S04,R02,Fruits,40.7
102,10139,639,A04,S03,R05,Staples,36.49
102,10140,640,A10,S03,R05,Dairy,41.59
102,10141,641,A11,S03,R03,Staples,29.92
102,10142,642,A03,S06,R03,Fruits,21.76
102,10143,643,A10,S06,R02,Frozen,26.52
102,10144,644,A09,S04,R02,Fruits,31.91
102,10145,645,A10,S05,R03,Beverages,41.37
102,10146,646,A04,S06,R04,Personal Care,16.14
102,10147,647,A04,S03,R02,Bakery,14.08
102,10148,648,A07,S06,R05,Snacks,36.17
102,10149,649,A10,S02,R04,Snacks,10.25
102,10150,650,A04,S03,R05,Household,17.59
102,10151,651,A06,S04,R01,Frozen,41.83
102,10152,652,A08,S07,R05,Personal Care,34.25
102,10153,653,A08,S02,R01,Beverages,8.83
102,10154,654,A08,S04,R05,Beverages,34.42
102,10155,655,A10,S03,R01,Beverages,20.04
102,10156,656,A01,S04,R01,Staples,33.05
102,10157,657,A02,S04,R04,Vegetables,11.25
102,10158,658,A11,S01,R05,Bakery,14.93
102,10159,659,A12,S03,R03,Vegetables,23.94
102,10160,660,A03,S07,R04,Dairy,15.28
102,10161,661,A06,S03,R03,Bakery,22.84
102,10162,662,A01,S05,R03,Dairy,32.41
102,10163,663,A09,S05,R04,Household,18.46
102,10164,664,A04,S07,R04,Household,27.98
102,10165,665,A12,S04,R04,Personal Care,21.81
102,10166,666,A03,S07,R01,Beverages,39.85
102,10167,667,A10,S05,R05,Household,31.28
102,10168,668,A04,S01,R02,Bakery,11.09
102,10169,669,A03,S01,R03,Frozen,29.46
102,10170,670,A12,S01,R04,Snacks,33.65
102,10171,671,A06,S07,R03,Frozen,38.91
102,10172,672,A04,S05,R02,Bakery,36.96
102,10173,673,A09,S01,R03,Beverages,32.05
102,10174,674,A04,S02,R04,Personal Care,8.1
102,10175,675,A12,S05,R04,Beverages,16.22
102,10176,676,A12,S04,R02,Beverages,39.05
102,10177,677,A11,S05,R05,Bakery,17.27
102,10178,678,A06,S05,R05,Vegetables,5.32
102,10179,679,A10,S07,R04,Fruits,18.35
102,10180,680,A12,S01,R01,Vegetables,15.07
102,10181,681,A10,S05,R01,Personal Care,40.75
102,10182,682,A03,S07,R05,Personal Care,29.41
102,10183,683,A06,S01,R01,Personal Care,8.41
102,10184,684,A05,S03,R05,Vegetables,15.58
102,10185,685,A07,S02,R02,Frozen,12.27
102,10186,686,A03,S02,R01,Dairy,31.01
102,10187,687,A04,S06,R05,Vegetables,16.13
102,10188,688,A04,S05,R03,Bakery,19.26
102,10189,689,A12,S05,R05,Vegetables,23.79
102,10190,690,A01,S04,R01,Frozen,25.93
102,10191,691,A10,S05,R01,Vegetables,23.73
102,10192,692,A01,S02,R04,Frozen,40.88
102,10193,693,A01,S05,R04,Beverages,36.32
102,10194,694,A02,S01,R02,Personal Care,41.5
102,10195,695,A08,S05,R03,Beverages,24.47
102,10196,696,A06,S03,R05,Fruits,40.23
102,10197,697,A09,S06,R02,Household,32.8
102,10198,698,A01,S04,R02,Frozen,4.73
102,10199,699,A02,S01,R03,Fruits,19.39
102,10200,700,A11,S02,R05,Household,26.47
102,10201,701,A11,S02,R04,Fruits,30.33
102,10202,702,A07,S06,R02,Household,4.36
102,10203,703,A02,S03,R01,Household,16.48
102,10204,704,A02,S05,R01,Beverages,29.44
102,10205,705,A08,S05,R01,Household,25.09
102,10206,706,A03,S04,R04,Fruits,18.06
102,10207,707,A09,S05,R02,Dairy,25.86
102,10208,708,A11,S05,R03,Dairy,31.7
102,10209,709,A04,S04,R05,Beverages,24.6
102,10210,710,A01,S05,R03,Frozen,9.71
102,10211,711,A09,S02,R02,Bakery,40.08
102,10212,712,A04,S07,R05,Beverages,32.54
102,10213,713,A04,S02,R04,Household,35.33
102,10214,714,A02,S07,R04,Fruits,39.58
102,10215,715,A01,S02,R04,Household,17.68
102,10216,716,A01,S03,R05,Vegetables,22.53
102,10217,717,A08,S06,R03,Staples,38.2
102,10218,718,A09,S03,R04,Snacks,15.02
102,10219,719,A12,S06,R01,Snacks,38.21
102,10220,720,A03,S07,R04,Bakery,9.97
102,10221,721,A12,S03,R03,Beverages,28.76
102,10222,722,A04,S04,R02,Staples,25.39
102,10223,723,A06,S01,R04,Dairy,32.37
102,10224,724,A04,S01,R01,Household,6.23
102,10225,725,A03,S07,R05,Beverages,28.55
102,10226,726,A09,S04,R04,Household,22.13
102,10227,727,A02,S06,R03,Personal Care,4.8
102,10228,728,A06,S02,R04,Beverages,8.78
102,10229,729,A12,S03,R05,Vegetables,28.17
102,10230,730,A12,S05,R05,Personal Care,16.84
102,10231,731,A08,S02,R03,Bakery,21.88
102,10232,732,A08,S04,R02,Snacks,26.64
102,10233,733,A08,S06,R03,Dairy,33.7
102,10234,734,A08,S05,R03,Personal Care,5.98
102,10235,735,A05,S07,R01,Personal Care,14.23
102,10236,736,A05,S01,R01,Dairy,32.76
102,10237,737,A03,S02,R05,Household,39.99
102,10238,738,A11,S06,R04,Beverages,15.22
102,10239,739,A08,S07,R01,Household,33.86
102,10240,740,A03,S02,R03,Dairy,8.56
102,10241,741,A01,S01,R05,Bakery,26.07
102,10242,742,A07,S04,R04,Beverages,22.05
102,10243,743,A08,S04,R02,Bakery,39.28
102,10244,744,A12,S04,R05,Vegetables,36.15
102,10245,745,A11,S04,R04,Personal Care,6.58
102,10246,746,A04,S06,R01,Bakery,11.9
102,10247,747,A03,S03,R05,Personal Care,10.64
102,10248,748,A06,S04,R01,Bakery,31.27
102,10249,749,A12,S04,R01,Bakery,31.0
102,10250,750,A03,S02,R05,Snacks,14.2
102,10251,751,A12,S01,R01,Household,18.68
102,10252,752,A10,S06,R03,Bakery,14.62
102,10253,753,A08,S04,R01,Fruits,33.22
102,10254,754,A07,S04,R03,Frozen,37.67
102,10255,755,A01,S03,R03,Frozen,31.36
102,10256,756,A10,S04,R04,Snacks,16.25
102,10257,757,A11,S01,R02,Beverages,16.12
102,10258,758,A06,S02,R04,Vegetables,38.07
102,10259,759,A05,S02,R03,Personal Care,34.44
102,10260,760,A07,S07,R02,Snacks,22.12
102,10261,761,A06,S06,R05,Fruits,5.5
102,10262,762,A04,S01,R03,Dairy,25.86
102,10263,763,A04,S07,R02,Bakery,34.71
102,10264,764,A05,S01,R02,Frozen,27.94
102,10265,765,A04,S07,R01,Beverages,6.12
102,10266,766,A11,S06,R05,Beverages,7.66
102,10267,767,A07,S04,R01,Beverages,14.85
102,10268,768,A07,S07,R03,Household,20.35
102,10269,769,A07,S03,R04,Dairy,7.61
102,10270,770,A03,S07,R03,Dairy,22.21
102,10271,771,A06,S07,R03,Fruits,11.88
102,10272,772,A01,S01,R05,Beverages,15.76
102,10273,773,A12,S04,R01,Personal Care,36.13
102,10274,774,A06,S02,R04,Beverages,18.11
102,10275,775,A10,S03,R01,Beverages,35.72
102,10276,776,A09,S03,R04,Frozen,24.15
102,10277,777,A10,S04,R03,Bakery,19.16
102,10278,778,A06,S05,R03,Snacks,9.13
102,10279,779,A05,S04,R05,Snacks,28.58
102,10280,780,A01,S04,R04,Beverages,18.16
102,10281,781,A01,S07,R03,Staples,26.4
102,10282,782,A07,S01,R01,Fruits,9.7
102,10283,783,A12,S01,R04,Frozen,10.32
102,10284,784,A10,S05,R03,Vegetables,4.82
102,10285,785,A12,S06,R05,Snacks,31.67
102,10286,786,A04,S07,R04,Snacks,10.55
102,10287,787,A09,S06,R01,Staples,12.06
102,10288,788,A11,S07,R01,Beverages,13.52
102,10289,789,A12,S03,R03,Fruits,7.91
102,10290,790,A07,S05,R02,Dairy,25.99
102,10291,791,A11,S01,R02,Vegetables,27.95
102,10292,792,A05,S05,R01,Staples,9.34
102,10293,793,A12,S03,R03,Dairy,36.72
102,10294,794,A06,S06,R03,Staples,31.67
102,10295,795,A06,S02,R03,Snacks,37.15
102,10296,796,A09,S07,R05,Bakery,34.71
102,10297,797,A06,S05,R04,Vegetables,37.48
102,10298,798,A02,S07,R01,Snacks,20.83
102,10299,799,A11,S04,R02,Vegetables,36.22
102,10300,800,A06,S03,R05,Bakery,17.21
102,10301,801,A08,S06,R02,Personal Care,5.21
102,10302,802,A08,S04,R05,Personal Care,9.07
102,10303,803,A08,S04,R03,Bakery,17.35
102,10304,804,A07,S03,R03,Fruits,35.29
102,10305,805,A11,S02,R01,Fruits,12.41
102,10306,806,A06,S06,R01,Personal Care,30.22
102,10307,807,A05,S02,R01,Household,33.57
102,10308,808,A02,S06,R04,Household,19.65
102,10309,809,A08,S07,R03,Frozen,36.52
102,10310,810,A12,S03,R02,Household,21.62
102,10311,811,A06,S02,R05,Vegetables,17.83
102,10312,812,A02,S01,R05,Bakery,27.81
102,10313,813,A02,S07,R01,Personal Care,40.07
102,10314,814,A03,S03,R03,Frozen,32.49
102,10315,815,A01,S01,R02,Frozen,32.63
102,10316,816,A03,S03,R05,Fruits,37.25
102,10317,817,A01,S01,R03,Fruits,31.14
102,10318,818,A09,S07,R03,Dairy,31.73
102,10319,819,A02,S01,R02,Bakery,22.55
102,10320,820,A07,S01,R05,Snacks,5.61
102,10321,821,A04,S07,R03,Snacks,34.0
102,10322,822,A10,S05,R05,Vegetables,38.76
102,10323,823,A09,S06,R04,Vegetables,28.84
102,10324,824,A05,S03,R03,Staples,19.51
102,10325,825,A03,S06,R02,Beverages,24.83
102,10326,826,A01,S03,R01,Staples,36.36
102,10327,827,A12,S05,R03,Frozen,27.04
102,10328,828,A05,S01,R03,Vegetables,4.24
102,10329,829,A10,S01,R04,Fruits,8.32
102,10330,830,A01,S02,R04,Frozen,18.91
102,10331,831,A03,S03,R01,Personal Care,31.8
102,10332,832,A03,S01,R05,Fruits,38.19
102,10333,833,A02,S01,R01,Personal Care,14.88
102,10334,834,A10,S04,R05,Snacks,36.56
102,10335,835,A09,S01,R02,Frozen,30.15
102,10336,836,A07,S03,R04,Fruits,30.81
102,10337,837,A01,S07,R05,Frozen,16.37
102,10338,838,A03,S03,R04,Frozen,28.1
102,10339,839,A09,S07,R02,Bakery,24.76
102,10340,840,A02,S03,R02,Bakery,15.68
102,10341,841,A07,S04,R03,Snacks,16.46
102,10342,842,A06,S07,R03,Dairy,29.3
102,10343,843,A09,S05,R05,Fruits,29.22
102,10344,844,A07,S03,R02,Beverages,34.46
102,10345,845,A11,S06,R03,Frozen,41.25
102,10346,846,A11,S02,R05,Frozen,17.65
102,10347,847,A11,S04,R01,Bakery,14.81
102,10348,848,A07,S03,R02,Staples,39.45
102,10349,849,A02,S06,R01,Dairy,17.45
102,10350,850,A10,S05,R04,Household,29.4
102,10351,851,A08,S05,R04,Staples,4.5
102,10352,852,A02,S01,R03,Staples,7.21
102,10353,853,A11,S05,R02,Fruits,10.63
102,10354,854,A05,S05,R04,Staples,10.26
102,10355,855,A02,S05,R03,Bakery,13.69
102,10356,856,A02,S07,R02,Snacks,41.6
102,10357,857,A08,S07,R04,Beverages,40.4
102,10358,858,A01,S07,R02,Vegetables,15.62
102,10359,859,A10,S03,R01,Dairy,28.27
102,10360,860,A12,S07,R01,Household,12.77
102,10361,861,A02,S05,R03,Vegetables,5.55
102,10362,862,A06,S01,R03,Personal Care,30.73
102,10363,863,A10,S07,R05,Beverages,32.2
102,10364,864,A02,S04,R05,Vegetables,40.39
102,10365,865,A07,S03,R02,Staples,37.9
102,10366,866,A06,S06,R02,Dairy,41.67
102,10367,867,A08,S01,R04,Household,9.11
102,10368,868,A01,S06,R05,Household,10.47
102,10369,869,A06,S02,R03,Vegetables,37.11
102,10370,870,A04,S02,R01,Fruits,16.87
102,10371,871,A10,S04,R03,Dairy,10.04
102,10372,872,A06,S01,R05,Frozen,34.2
102,10373,873,A02,S05,R01,Frozen,25.54
102,10374,874,A01,S07,R03,Fruits,6.57
102,10375,875,A05,S04,R02,Dairy,39.19
102,10376,876,A07,S07,R04,Bakery,34.1
102,10377,877,A10,S06,R01,Dairy,20.92
102,10378,878,A07,S04,R02,Staples,41.55
102,10379,879,A05,S02,R05,Staples,11.54
102,10380,880,A07,S02,R05,Bakery,4.3
102,10381,881,A11,S05,R05,Household,12.1
102,10382,882,A04,S02,R02,Bakery,31.58
102,10383,883,A06,S05,R04,Vegetables,25.59
102,10384,884,A08,S06,R03,Snacks,5.45
102,10385,885,A06,S01,R02,Household,33.18
102,10386,886,A10,S02,R03,Staples,17.18
102,10387,887,A08,S02,R05,Dairy,5.2
102,10388,888,A01,S03,R02,Bakery,35.36
102,10389,889,A01,S03,R05,Fruits,27.05
102,10390,890,A05,S04,R01,Vegetables,4.49
102,10391,891,A05,S02,R05,Frozen,41.63
102,10392,892,A04,S02,R01,Household,16.18
102,10393,893,A10,S01,R04,Vegetables,22.36
102,10394,894,A03,S01,R05,Frozen,15.93
102,10395,895,A08,S03,R01,Beverages,11.1
102,10396,896,A10,S05,R05,Snacks,38.94
102,10397,897,A02,S02,R04,Beverages,28.42
102,10398,898,A07,S06,R03,Bakery,11.83
102,10399,899,A09,S04,R04,Frozen,17.48
102,10400,900,A01,S02,R01,Dairy,41.19
102,10401,901,A02,S04,R01,Bakery,38.57
102,10402,902,A09,S01,R03,Fruits,36.52
102,10403,903,A07,S07,R03,Fruits,10.81
102,10404,904,A04,S01,R05,Bakery,34.58
102,10405,905,A10,S05,R04,Dairy,11.78
102,10406,906,A04,S04,R03,Personal Care,16.44
102,10407,907,A01,S01,R03,Frozen,31.19
102,10408,908,A02,S07,R01,Bakery,21.32
102,10409,909,A02,S07,R01,Fruits,10.63
102,10410,910,A04,S07,R01,Snacks,20.43
102,10411,911,A02,S04,R05,Frozen,8.14
102,10412,912,A05,S04,R02,Personal Care,24.97
102,10413,913,A07,S01,R02,Household,23.22
102,10414,914,A11,S05,R03,Snacks,29.07
102,10415,915,A01,S04,R05,Beverages,5.24
102,10416,916,A03,S05,R02,Bakery,31.67
102,10417,917,A12,S05,R03,Staples,30.64
102,10418,918,A11,S07,R03,Staples,6.69
102,10419,919,A06,S05,R02,Dairy,34.89
102,10420,920,A04,S01,R05,Household,20.43
102,10421,921,A06,S02,R03,Dairy,38.35
102,10422,922,A04,S05,R04,Household,33.43
102,10423,923,A10,S07,R05,Staples,16.74
102,10424,924,A12,S01,R03,Bakery,40.29
102,10425,925,A05,S04,R04,Beverages,28.51
102,10426,926,A10,S04,R02,Bakery,13.7
102,10427,927,A04,S02,R01,Snacks,32.93
102,10428,928,A07,S03,R01,Frozen,11.4
102,10429,929,A05,S07,R03,Dairy,17.28
102,10430,930,A04,S01,R05,Vegetables,40.05
102,10431,931,A10,S04,R04,Frozen,37.18
102,10432,932,A05,S01,R03,Vegetables,4.47
102,10433,933,A02,S06,R05,Bakery,40.83
102,10434,934,A04,S04,R05,Beverages,31.35
102,10435,935,A06,S07,R04,Snacks,24.71
102,10436,936,A07,S03,R03,Personal Care,7.03
102,10437,937,A01,S06,R02,Vegetables,32.2
102,10438,938,A09,S07,R02,Frozen,15.73
102,10439,939,A10,S01,R05,Snacks,27.81
102,10440,940,A11,S04,R02,Fruits,15.4
102,10441,941,A06,S04,R04,Frozen,12.77
102,10442,942,A05,S01,R03,Frozen,17.69
102,10443,943,A05,S05,R02,Beverages,15.92
102,10444,944,A04,S03,R04,Dairy,14.28
102,10445,945,A01,S06,R04,Snacks,7.91
102,10446,946,A07,S05,R03,Snacks,10.81
102,10447,947,A12,S06,R03,Bakery,17.85
102,10448,948,A02,S02,R01,Personal Care,37.23
102,10449,949,A07,S02,R05,Staples,13.35
102,10450,950,A06,S01,R05,Bakery,11.15
102,10451,951,A11,S07,R03,Household,24.15
102,10452,952,A10,S04,R03,Bakery,29.83
102,10453,953,A02,S02,R05,Household,30.52
102,10454,954,A06,S02,R04,Beverages,18.3
102,10455,955,A10,S01,R04,Dairy,5.57
102,10456,956,A04,S06,R03,Frozen,18.67
102,10457,957,A09,S02,R01,Bakery,21.43
102,10458,958,A02,S01,R01,Snacks,10.63
102,10459,959,A08,S07,R03,Bakery,37.41
102,10460,960,A04,S07,R03,Frozen,13.08
102,10461,961,A09,S05,R03,Household,20.06
102,10462,962,A01,S06,R02,Staples,28.42
102,10463,963,A07,S07,R01,Beverages,27.91
102,10464,964,A06,S03,R02,Beverages,40.43
102,10465,965,A03,S03,R04,Personal Care,22.41
102,10466,966,A09,S06,R04,Household,15.41
102,10467,967,A11,S04,R01,Staples,19.45
102,10468,968,A02,S06,R04,Dairy,25.69
102,10469,969,A08,S06,R02,Personal Care,19.93
102,10470,970,A03,S07,R01,Bakery,13.0
102,10471,971,A01,S03,R01,Fruits,4.05
102,10472,972,A12,S01,R05,Staples,33.04
102,10473,973,A12,S03,R02,Fruits,16.54
102,10474,974,A06,S02,R04,Household,12.28
102,10475,975,A03,S01,R01,Beverages,29.78
102,10476,976,A04,S02,R05,Fruits,31.53
102,10477,977,A05,S02,R02,Vegetables,24.32
102,10478,978,A02,S02,R02,Snacks,38.43
102,10479,979,A11,S02,R04,Household,41.67
102,10480,980,A12,S07,R04,Personal Care,21.45
102,10481,981,A11,S03,R05,Frozen,35.37
102,10482,982,A04,S03,R01,Staples,36.73
102,10483,983,A11,S04,R05,Household,5.79
102,10484,984,A08,S06,R04,Personal Care,39.91
102,10485,985,A07,S05,R02,Fruits,24.57
102,10486,986,A09,S05,R01,Beverages,16.92
102,10487,987,A09,S04,R05,Bakery,27.38
102,10488,988,A12,S01,R04,Vegetables,23.11
102,10489,989,A04,S03,R03,Frozen,40.09
102,10490,990,A07,S07,R05,Beverages,13.12
102,10491,991,A04,S02,R04,Bakery,26.87
102,10492,992,A06,S03,R03,Personal Care,8.64
102,10493,993,A05,S02,R02,Frozen,9.96
102,10494,994,A01,S01,R02,Staples,6.96
102,10495,995,A12,S04,R05,Fruits,22.59
102,10496,996,A10,S04,R05,Beverages,32.05
102,10497,997,A08,S02,R03,Snacks,29.94
102,10498,998,A01,S03,R04,Fruits,7.38
102,10499,999,A08,S04,R01,Fruits,31.37
102,10500,1000,A09,S04,R03,Fruits,16.09
103,10001,1001,A03,S03,R05,Snacks,11.88
103,10002,1002,A03,S01,R03,Frozen,14.18
103,10003,1003,A04,S07,R05,Household,21.58
103,10004,1004,A05,S07,R02,Household,28.47
103,10005,1005,A08,S02,R02,Household,8.09
103,10006,1006,A08,S02,R04,Household,24.09
103,10007,1007,A07,S03,R04,Snacks,14.72
103,10008,1008,A09,S07,R02,Bakery,13.25
103,10009,1009,A09,S04,R01,Staples,14.64
103,10010,1010,A06,S01,R01,Beverages,7.27
103,10011,1011,A02,S04,R01,Snacks,16.73
103,10012,1012,A05,S05,R02,Vegetables,15.14
103,10013,1013,A10,S05,R05,Bakery,25.66
103,10014,1014,A09,S03,R02,Frozen,17.87
103,10015,1015,A01,S02,R02,Household,19.16
103,10016,1016,A09,S02,R04,Personal Care,24.84
103,10017,1017,A12,S03,R03,Beverages,27.91
103,10018,1018,A12,S01,R01,Staples,28.6
103,10019,1019,A02,S05,R04,Snacks,25.15
103,10020,1020,A05,S04,R03,Beverages,10.7
103,10021,1021,A01,S06,R04,Beverages,15.18
103,10022,1022,A04,S07,R04,Fruits,27.66
103,10023,1023,A08,S03,R03,Dairy,10.9
103,10024,1024,A09,S05,R04,Snacks,26.45
103,10025,1025,A02,S01,R05,Staples,19.66
103,10026,1026,A09,S03,R05,Dairy,31.98
103,10027,1027,A01,S06,R03,Staples,29.65
103,10028,1028,A01,S04,R01,Staples,31.92
103,10029,1029,A01,S05,R05,Fruits,25.89
103,10030,1030,A12,S05,R01,Personal Care,16.9
103,10031,1031,A08,S05,R02,Bakery,9.03
103,10032,1032,A08,S03,R03,Household,14.07
103,10033,1033,A01,S01,R02,Household,24.51
103,10034,1034,A08,S07,R02,Vegetables,21.71
103,10035,1035,A09,S07,R04,Dairy,7.42
103,10036,1036,A01,S07,R03,Frozen,15.0
103,10037,1037,A11,S07,R02,Beverages,21.14
103,10038,1038,A01,S07,R05,Staples,14.89
103,10039,1039,A07,S07,R01,Personal Care,7.87
103,10040,1040,A04,S05,R03,Household,12.69
103,10041,1041,A03,S07,R01,Household,11.42
103,10042,1042,A08,S07,R03,Bakery,18.34
103,10043,1043,A07,S07,R02,Vegetables,23.64
103,10044,1044,A06,S07,R03,Beverages,23.28
103,10045,1045,A12,S03,R01,Beverages,18.65
103,10046,1046,A04,S01,R05,Dairy,15.95
103,10047,1047,A05,S07,R05,Snacks,25.16
103,10048,1048,A09,S07,R03,Bakery,17.09
103,10049,1049,A05,S03,R03,Household,6.68
103,10050,1050,A02,S06,R02,Personal Care,22.77
103,10051,1051,A12,S06,R03,Frozen,22.07
103,10052,1052,A01,S02,R03,Household,28.96
103,10053,1053,A11,S04,R03,Vegetables,20.65
103,10054,1054,A03,S06,R04,Frozen,27.04
103,10055,1055,A12,S03,R05,Beverages,24.96
103,10056,1056,A07,S06,R01,Vegetables,11.85
103,10057,1057,A05,S02,R05,Frozen,22.89
103,10058,1058,A11,S01,R04,Vegetables,15.35
103,10059,1059,A06,S03,R04,Dairy,6.1
103,10060,1060,A10,S05,R03,Beverages,7.16
103,10061,1061,A10,S05,R01,Household,17.92
103,10062,1062,A07,S03,R05,Bakery,35.38
103,10063,1063,A04,S04,R04,Beverages,18.13
103,10064,1064,A10,S04,R02,Bakery,8.65
103,10065,1065,A01,S06,R04,Personal Care,4.39
103,10066,1066,A06,S05,R01,Beverages,16.15
103,10067,1067,A02,S01,R03,Vegetables,40.79
103,10068,1068,A12,S05,R04,Fruits,29.96
103,10069,1069,A05,S02,R02,Snacks,36.0
103,10070,1070,A11,S03,R05,Personal Care,13.68
103,10071,1071,A04,S06,R03,Frozen,8.09
103,10072,1072,A12,S01,R02,Beverages,14.19
103,10073,1073,A04,S07,R03,Bakery,26.08
103,10074,1074,A09,S03,R02,Staples,35.19
103,10075,1075,A02,S05,R02,Personal Care,26.08
103,10076,1076,A08,S04,R02,Household,35.32
103,10077,1077,A02,S04,R05,Dairy,10.61
103,10078,1078,A05,S03,R01,Vegetables,11.3
103,10079,1079,A11,S02,R05,Household,30.04
103,10080,1080,A03,S05,R05,Staples,7.77
103,10081,1081,A10,S07,R05,Beverages,8.59
103,10082,1082,A12,S03,R05,Staples,7.58
103,10083,1083,A07,S05,R01,Staples,9.16
103,10084,1084,A02,S05,R05,Vegetables,21.04
103,10085,1085,A05,S01,R05,Staples,14.55
103,10086,1086,A02,S02,R02,Fruits,16.73
103,10087,1087,A07,S05,R02,Fruits,33.01
103,10088,1088,A11,S03,R05,Personal Care,14.54
103,10089,1089,A04,S02,R04,Personal Care,40.46
103,10090,1090,A02,S05,R01,Bakery,6.82
103,10091,1091,A10,S01,R05,Staples,20.53
103,10092,1092,A02,S04,R05,Bakery,32.79
103,10093,1093,A07,S02,R05,Staples,32.48
103,10094,1094,A08,S03,R03,Dairy,17.88
103,10095,1095,A07,S03,R01,Household,18.58
103,10096,1096,A09,S04,R04,Household,18.32
103,10097,1097,A09,S07,R02,Household,33.3
103,10098,1098,A08,S01,R01,Personal Care,15.41
103,10099,1099,A09,S05,R04,Beverages,9.54
103,10100,1100,A07,S01,R04,Household,5.68
103,10101,1101,A11,S03,R04,Fruits,33.21
103,10102,1102,A02,S05,R01,Household,17.7
103,10103,1103,A07,S05,R04,Snacks,4.83
103,10104,1104,A05,S02,R03,Beverages,28.21
103,10105,1105,A03,S06,R05,Snacks,32.19
103,10106,1106,A09,S04,R03,Snacks,38.22
103,10107,1107,A12,S04,R04,Dairy,30.26
103,10108,1108,A04,S03,R01,Bakery,35.21
103,10109,1109,A09,S03,R05,Fruits,24.94
103,10110,1110,A02,S07,R05,Bakery,22.85
103,10111,1111,A01,S06,R04,Beverages,30.68
103,10112,1112,A04,S01,R05,Personal Care,11.46
103,10113,1113,A08,S06,R02,Personal Care,30.13
103,10114,1114,A02,S04,R03,Beverages,24.27
103,10115,1115,A05,S05,R02,Staples,31.52
103,10116,1116,A04,S02,R04,Snacks,7.44
103,10117,1117,A08,S03,R02,Dairy,30.91
103,10118,1118,A06,S07,R05,Household,41.75
103,10119,1119,A10,S05,R03,Snacks,24.1
103,10120,1120,A08,S07,R03,Personal Care,5.99
103,10121,1121,A06,S02,R04,Snacks,10.95
103,10122,1122,A09,S05,R05,Snacks,38.74
103,10123,1123,A12,S05,R03,Dairy,29.14
103,10124,1124,A09,S05,R02,Snacks,39.92
103,10125,1125,A02,S01,R01,Household,25.42
103,10126,1126,A02,S06,R05,Vegetables,28.68
103,10127,1127,A11,S06,R04,Personal Care,35.28
103,10128,1128,A06,S04,R02,Dairy,6.24
103,10129,1129,A08,S05,R02,Vegetables,31.08
103,10130,1130,A02,S06,R01,Beverages,17.39
103,10131,1131,A03,S03,R05,Frozen,40.08
103,10132,1132,A04,S05,R02,Fruits,11.81
103,10133,1133,A08,S07,R05,Fruits,13.14
103,10134,1134,A09,S07,R05,Beverages,8.91
103,10135,1135,A07,S07,R05,Frozen,21.21
103,10136,1136,A05,S02,R05,Staples,31.82
103,10137,1137,A04,S02,R05,Dairy,32.35
103,10138,1138,A12,S02,R02,Fruits,35.96
103,10139,1139,A04,S07,R02,Staples,8.6
103,10140,1140,A11,S03,R01,Dairy,25.86
103,10141,1141,A01,S03,R01,Staples,33.66
103,10142,1142,A05,S07,R01,Fruits,9.91
103,10143,1143,A04,S03,R01,Frozen,16.56
103,10144,1144,A08,S03,R02,Fruits,13.98
103,10145,1145,A09,S02,R04,Beverages,36.22
103,10146,1146,A05,S01,R04,Personal Care,20.35
103,10147,1147,A01,S01,R03,Bakery,32.24
103,10148,1148,A08,S04,R04,Snacks,8.28
103,10149,1149,A04,S07,R02,Snacks,34.62
103,10150,1150,A02,S04,R02,Household,35.21
103,10151,1151,A08,S04,R03,Frozen,19.37
103,10152,1152,A01,S05,R01,Personal Care,4.73
103,10153,1153,A11,S07,R05,Beverages,21.21
103,10154,1154,A09,S01,R01,Beverages,15.07
103,10155,1155,A02,S01,R03,Beverages,15.36
103,10156,1156,A04,S03,R01,Staples,24.78
103,10157,1157,A05,S04,R01,Vegetables,15.39
103,10158,1158,A03,S01,R01,Bakery,37.99
103,10159,1159,A10,S03,R01,Vegetables,28.86
103,10160,1160,A06,S06,R02,Dairy,33.86
103,10161,1161,A01,S02,R02,Bakery,9.0
103,10162,1162,A09,S02,R04,Dairy,10.23
103,10163,1163,A04,S03,R01,Household,35.93
103,10164,1164,A02,S05,R02,Household,38.76
103,10165,1165,A06,S04,R03,Personal Care,33.96
103,10166,1166,A04,S02,R02,Beverages,15.51
103,10167,1167,A07,S07,R04,Household,24.36
103,10168,1168,A02,S01,R02,Bakery,30.93
103,10169,1169,A03,S04,R02,Frozen,5.81
103,10170,1170,A01,S02,R03,Snacks,27.28
103,10171,1171,A08,S03,R02,Frozen,29.86
103,10172,1172,A05,S01,R03,Bakery,33.26
103,10173,1173,A11,S06,R04,Beverages,27.71
103,10174,1174,A06,S04,R05,Personal Care,35.15
103,10175,1175,A08,S01,R05,Beverages,38.52
103,10176,1176,A04,S07,R04,Beverages,17.41
103,10177,1177,A05,S03,R04,Bakery,26.72
103,10178,1178,A10,S03,R02,Vegetables,34.2
103,10179,1179,A04,S03,R02,Fruits,37.3
103,10180,1180,A04,S04,R02,Vegetables,19.35
103,10181,1181,A07,S05,R03,Personal Care,40.02
103,10182,1182,A06,S01,R02,Personal Care,30.17
103,10183,1183,A08,S03,R02,Personal Care,41.09
103,10184,1184,A03,S03,R05,Vegetables,27.66
103,10185,1185,A11,S07,R04,Frozen,41.64
103,10186,1186,A06,S04,R04,Dairy,38.01
103,10187,1187,A08,S01,R03,Vegetables,21.66
103,10188,1188,A01,S05,R02,Bakery,14.44
103,10189,1189,A06,S06,R05,Vegetables,31.63
103,10190,1190,A10,S06,R01,Frozen,22.76
103,10191,1191,A07,S06,R04,Vegetables,9.34
103,10192,1192,A10,S03,R01,Frozen,12.87
103,10193,1193,A10,S06,R01,Beverages,25.42
103,10194,1194,A01,S01,R05,Personal Care,38.65
103,10195,1195,A05,S06,R02,Beverages,31.77
103,10196,1196,A08,S07,R03,Fruits,13.7
103,10197,1197,A02,S02,R03,Household,10.21
103,10198,1198,A04,S02,R03,Frozen,35.21
103,10199,1199,A05,S07,R02,Fruits,32.49
103,10200,1200,A05,S07,R05,Household,10.66
103,10201,1201,A11,S07,R02,Fruits,33.38
103,10202,1202,A09,S05,R04,Household,38.12
103,10203,1203,A01,S03,R05,Household,26.81
103,10204,1204,A05,S07,R05,Beverages,21.22
103,10205,1205,A08,S07,R05,Household,24.05
103,10206,1206,A08,S06,R01,Fruits,32.77
103,10207,1207,A02,S02,R03,Dairy,39.13
103,10208,1208,A10,S05,R03,Dairy,7.49
103,10209,1209,A07,S04,R02,Beverages,18.93
103,10210,1210,A07,S04,R02,Frozen,6.68
103,10211,1211,A10,S03,R01,Bakery,5.58
103,10212,1212,A11,S03,R04,Beverages,9.58
103,10213,1213,A02,S06,R04,Household,4.57
103,10214,1214,A06,S01,R04,Fruits,41.8
103,10215,1215,A02,S04,R03,Household,17.11
103,10216,1216,A06,S01,R04,Vegetables,22.85
103,10217,1217,A04,S02,R03,Staples,29.82
103,10218,1218,A10,S07,R04,Snacks,30.17
103,10219,1219,A03,S03,R04,Snacks,38.28
103,10220,1220,A12,S03,R02,Bakery,19.54
103,10221,1221,A11,S07,R04,Beverages,23.0
103,10222,1222,A10,S03,R03,Staples,17.41
103,10223,1223,A09,S02,R04,Dairy,13.67
103,10224,1224,A05,S05,R03,Household,12.92
103,10225,1225,A06,S05,R02,Beverages,17.5
103,10226,1226,A10,S02,R05,Household,22.1
103,10227,1227,A07,S04,R05,Personal Care,22.58
103,10228,1228,A05,S05,R01,Beverages,16.68
103,10229,1229,A02,S01,R05,Vegetables,5.92
103,10230,1230,A10,S04,R02,Personal Care,38.11
103,10231,1231,A03,S01,R03,Bakery,18.66
103,10232,1232,A09,S05,R05,Snacks,18.07
103,10233,1233,A04,S02,R03,Dairy,21.83
103,10234,1234,A03,S02,R01,Personal Care,29.46
103,10235,1235,A12,S04,R04,Personal Care,35.04
103,10236,1236,A10,S06,R05,Dairy,33.17
103,10237,1237,A11,S04,R01,Household,14.83
103,10238,1238,A12,S05,R01,Beverages,16.03
103,10239,1239,A11,S07,R05,Household,35.64
103,10240,1240,A05,S03,R01,Dairy,11.19
103,10241,1241,A03,S01,R03,Bakery,12.98
103,10242,1242,A09,S02,R04,Beverages,25.67
103,10243,1243,A08,S03,R01,Bakery,5.0
103,10244,1244,A05,S07,R04,Vegetables,7.66
103,10245,1245,A03,S06,R04,Personal Care,23.12
103,10246,1246,A09,S06,R04,Bakery,7.78
103,10247,1247,A11,S07,R05,Personal Care,32.35
103,10248,1248,A07,S07,R04,Bakery,5.64
103,10249,1249,A06,S05,R04,Bakery,32.19
103,10250,1250,A05,S03,R01,Snacks,17.73
103,10251,1251,A02,S04,R02,Household,29.06
103,10252,1252,A03,S07,R01,Bakery,33.15
103,10253,1253,A11,S02,R05,Fruits,40.78
103,10254,1254,A02,S03,R03,Frozen,25.04
103,10255,1255,A04,S01,R01,Frozen,41.73
103,10256,1256,A12,S06,R03,Snacks,15.87
103,10257,1257,A04,S02,R02,Beverages,10.02
103,10258,1258,A08,S03,R05,Vegetables,15.98
103,10259,1259,A08,S01,R03,Personal Care,40.19
103,10260,1260,A07,S03,R01,Snacks,35.92
103,10261,1261,A09,S03,R05,Fruits,37.86
103,10262,1262,A04,S01,R05,Dairy,18.79
103,10263,1263,A05,S04,R05,Bakery,16.2
103,10264,1264,A08,S03,R05,Frozen,24.44
103,10265,1265,A04,S07,R03,Beverages,30.5
103,10266,1266,A05,S01,R02,Beverages,24.15
103,10267,1267,A10,S07,R03,Beverages,6.2
103,10268,1268,A02,S04,R02,Household,4.2
103,10269,1269,A04,S04,R02,Dairy,27.83
103,10270,1270,A06,S03,R05,Dairy,41.5
103,10271,1271,A01,S04,R05,Fruits,7.14
103,10272,1272,A08,S07,R04,Beverages,11.88
103,10273,1273,A07,S03,R05,Personal Care,25.48
103,10274,1274,A03,S04,R02,Beverages,37.54
103,10275,1275,A08,S05,R02,Beverages,15.84
103,10276,1276,A03,S05,R04,Frozen,33.75
103,10277,1277,A07,S05,R05,Bakery,32.22
103,10278,1278,A12,S06,R05,Snacks,25.66
103,10279,1279,A07,S07,R03,Snacks,12.54
103,10280,1280,A05,S01,R03,Beverages,24.17
103,10281,1281,A09,S01,R05,Staples,9.51
103,10282,1282,A08,S02,R02,Fruits,19.22
103,10283,1283,A01,S04,R01,Frozen,39.01
103,10284,1284,A10,S07,R03,Vegetables,12.98
103,10285,1285,A08,S07,R04,Snacks,7.46
103,10286,1286,A07,S01,R05,Snacks,37.26
103,10287,1287,A11,S07,R01,Staples,6.42
103,10288,1288,A05,S04,R04,Beverages,15.31
103,10289,1289,A03,S03,R02,Fruits,30.92
103,10290,1290,A10,S07,R05,Dairy,28.25
103,10291,1291,A01,S04,R04,Vegetables,32.94
103,10292,1292,A09,S06,R01,Staples,26.18
103,10293,1293,A12,S02,R04,Dairy,19.41
103,10294,1294,A03,S02,R04,Staples,36.44
103,10295,1295,A03,S04,R01,Snacks,36.53
103,10296,1296,A09,S05,R05,Bakery,29.69
103,10297,1297,A07,S07,R01,Vegetables,27.56
103,10298,1298,A09,S04,R02,Snacks,33.68
103,10299,1299,A01,S02,R03,Vegetables,39.34
103,10300,1300,A06,S03,R05,Bakery,21.77
103,10301,1301,A09,S03,R03,Personal Care,37.25
103,10302,1302,A09,S02,R05,Personal Care,18.79
103,10303,1303,A06,S03,R04,Bakery,14.22
103,10304,1304,A08,S03,R03,Fruits,35.71
103,10305,1305,A03,S02,R03,Fruits,29.84
103,10306,1306,A04,S07,R01,Personal Care,21.91
103,10307,1307,A09,S07,R02,Household,28.65
103,10308,1308,A10,S07,R05,Household,26.69
103,10309,1309,A01,S01,R04,Frozen,11.8
103,10310,1310,A10,S05,R05,Household,9.65
103,10311,1311,A10,S02,R01,Vegetables,10.68
103,10312,1312,A04,S01,R04,Bakery,38.62
103,10313,1313,A06,S02,R03,Personal Care,33.83
103,10314,1314,A04,S04,R02,Frozen,20.45
103,10315,1315,A10,S05,R03,Frozen,15.19
103,10316,1316,A09,S01,R05,Fruits,39.48
103,10317,1317,A06,S05,R01,Fruits,8.81
103,10318,1318,A07,S02,R02,Dairy,13.22
103,10319,1319,A10,S05,R04,Bakery,27.74
103,10320,1320,A03,S04,R05,Snacks,18.25
103,10321,1321,A01,S04,R05,Snacks,33.17
103,10322,1322,A11,S07,R03,Vegetables,17.89
103,10323,1323,A04,S05,R01,Vegetables,28.22
103,10324,1324,A11,S04,R04,Staples,9.58
103,10325,1325,A08,S06,R02,Beverages,34.2
103,10326,1326,A03,S02,R04,Staples,13.08
103,10327,1327,A02,S05,R04,Frozen,19.4
103,10328,1328,A12,S07,R03,Vegetables,18.11
103,10329,1329,A06,S06,R03,Fruits,29.74
103,10330,1330,A08,S06,R03,Frozen,38.81
103,10331,1331,A09,S03,R01,Personal Care,5.85
103,10332,1332,A05,S01,R04,Fruits,9.89
103,10333,1333,A09,S07,R03,Personal Care,22.86
103,10334,1334,A02,S01,R03,Snacks,6.37
103,10335,1335,A12,S02,R02,Frozen,27.17
103,10336,1336,A12,S03,R02,Fruits,40.15
103,10337,1337,A01,S05,R01,Frozen,8.9
103,10338,1338,A07,S02,R01,Frozen,9.32
103,10339,1339,A06,S01,R02,Bakery,30.51
103,10340,1340,A10,S01,R03,Bakery,37.81
103,10341,1341,A10,S04,R03,Snacks,32.35
103,10342,1342,A06,S02,R01,Dairy,35.21
103,10343,1343,A09,S06,R04,Fruits,8.25
103,10344,1344,A01,S06,R03,Beverages,32.52
103,10345,1345,A07,S04,R05,Frozen,28.49
103,10346,1346,A10,S02,R01,Frozen,5.23
103,10347,1347,A10,S03,R02,Bakery,39.75
103,10348,1348,A02,S03,R02,Staples,36.8
103,10349,1349,A08,S01,R03,Dairy,5.01
103,10350,1350,A04,S05,R04,Household,5.71
103,10351,1351,A11,S07,R01,Staples,30.32
103,10352,1352,A12,S04,R01,Staples,15.2
103,10353,1353,A01,S01,R05,Fruits,6.73
103,10354,1354,A11,S03,R03,Staples,9.4
103,10355,1355,A03,S03,R02,Bakery,38.26
103,10356,1356,A05,S04,R03,Snacks,12.97
103,10357,1357,A06,S05,R02,Beverages,28.3
103,10358,1358,A01,S01,R01,Vegetables,10.24
103,10359,1359,A06,S04,R03,Dairy,16.76
103,10360,1360,A02,S03,R02,Household,27.12
103,10361,1361,A09,S06,R03,Vegetables,30.74
103,10362,1362,A03,S07,R01,Personal Care,29.14
103,10363,1363,A03,S07,R01,Beverages,36.16
103,10364,1364,A11,S04,R01,Vegetables,34.34
103,10365,1365,A01,S02,R05,Staples,22.2
103,10366,1366,A12,S03,R05,Dairy,18.35
103,10367,1367,A11,S02,R03,Household,34.51
103,10368,1368,A07,S04,R02,Household,24.88
103,10369,1369,A05,S02,R03,Vegetables,6.93
103,10370,1370,A08,S02,R03,Fruits,33.0
103,10371,1371,A09,S03,R05,Dairy,11.24
103,10372,1372,A02,S07,R03,Frozen,4.65
103,10373,1373,A07,S02,R01,Frozen,27.06
103,10374,1374,A02,S07,R03,Fruits,39.41
103,10375,1375,A11,S01,R05,Dairy,23.12
103,10376,1376,A02,S02,R01,Bakery,9.49
103,10377,1377,A04,S03,R01,Dairy,10.62
103,10378,1378,A03,S07,R02,Staples,22.71
103,10379,1379,A10,S01,R03,Staples,36.76
103,10380,1380,A05,S06,R02,Bakery,22.15
103,10381,1381,A01,S01,R05,Household,11.16
103,10382,1382,A03,S01,R05,Bakery,23.04
103,10383,1383,A08,S06,R04,Vegetables,40.62
103,10384,1384,A10,S01,R01,Snacks,27.2
103,10385,1385,A10,S04,R03,Household,6.48
103,10386,1386,A09,S04,R03,Staples,28.21
103,10387,1387,A08,S03,R01,Dairy,14.96
103,10388,1388,A12,S01,R01,Bakery,37.34
103,10389,1389,A10,S02,R01,Fruits,10.88
103,10390,1390,A10,S01,R02,Vegetables,21.95
103,10391,1391,A07,S01,R04,Frozen,34.18
103,10392,1392,A10,S06,R04,Household,23.47
103,10393,1393,A03,S05,R05,Vegetables,29.01
103,10394,1394,A08,S05,R01,Frozen,40.43
103,10395,1395,A03,S04,R01,Beverages,15.51
103,10396,1396,A01,S06,R02,Snacks,13.06
103,10397,1397,A03,S06,R05,Beverages,32.23
103,10398,1398,A09,S07,R03,Bakery,8.19
103,10399,1399,A07,S03,R05,Frozen,12.69
103,10400,1400,A09,S03,R04,Dairy,14.93
103,10401,1401,A08,S03,R04,Bakery,24.44
103,10402,1402,A01,S03,R05,Fruits,13.79
103,10403,1403,A02,S03,R02,Fruits,17.1
103,10404,1404,A10,S04,R01,Bakery,17.43
103,10405,1405,A11,S01,R05,Dairy,34.36
103,10406,1406,A02,S05,R04,Personal Care,28.94
103,10407,1407,A02,S05,R01,Frozen,28.18
103,10408,1408,A09,S01,R01,Bakery,12.64
103,10409,1409,A10,S03,R04,Fruits,9.02
103,10410,1410,A05,S02,R05,Snacks,7.74
103,10411,1411,A08,S02,R03,Frozen,25.88
103,10412,1412,A12,S05,R02,Personal Care,31.71
103,10413,1413,A09,S06,R04,Household,28.05
103,10414,1414,A09,S04,R02,Snacks,32.73
103,10415,1415,A09,S02,R01,Beverages,28.94
103,10416,1416,A10,S06,R02,Bakery,11.24
103,10417,1417,A07,S01,R04,Staples,17.74
103,10418,1418,A04,S07,R02,Staples,24.44
103,10419,1419,A10,S01,R01,Dairy,18.3
103,10420,1420,A06,S02,R05,Household,16.23
103,10421,1421,A12,S06,R01,Dairy,4.67
103,10422,1422,A07,S04,R05,Household,36.29
103,10423,1423,A07,S03,R01,Staples,28.19
103,10424,1424,A06,S01,R02,Bakery,36.23
103,10425,1425,A02,S05,R05,Beverages,39.36
103,10426,1426,A12,S07,R01,Bakery,25.06
103,10427,1427,A03,S01,R01,Snacks,24.66
103,10428,1428,A08,S01,R01,Frozen,18.87
103,10429,1429,A03,S01,R04,Dairy,20.36
103,10430,1430,A10,S07,R03,Vegetables,33.02
103,10431,1431,A05,S01,R01,Frozen,11.12
103,10432,1432,A09,S05,R02,Vegetables,26.56
103,10433,1433,A04,S07,R04,Bakery,16.55
103,10434,1434,A12,S03,R04,Beverages,19.1
103,10435,1435,A11,S02,R01,Snacks,18.55
103,10436,1436,A02,S04,R02,Personal Care,23.83
103,10437,1437,A08,S04,R01,Vegetables,15.11
103,10438,1438,A04,S05,R05,Frozen,13.4
103,10439,1439,A08,S06,R04,Snacks,24.28
103,10440,1440,A02,S04,R04,Fruits,8.71
103,10441,1441,A01,S07,R01,Frozen,11.5
103,10442,1442,A03,S01,R02,Frozen,33.98
103,10443,1443,A07,S05,R01,Beverages,31.07
103,10444,1444,A05,S06,R02,Dairy,7.97
103,10445,1445,A04,S04,R02,Snacks,27.57
103,10446,1446,A03,S06,R05,Snacks,39.49
103,10447,1447,A08,S04,R02,Bakery,29.04
103,10448,1448,A12,S06,R03,Personal Care,21.65
103,10449,1449,A02,S06,R02,Staples,16.09
103,10450,1450,A04,S05,R05,Bakery,22.91
103,10451,1451,A05,S02,R02,Household,25.07
103,10452,1452,A06,S04,R05,Bakery,14.65
103,10453,1453,A02,S04,R05,Household,20.54
103,10454,1454,A11,S01,R04,Beverages,15.79
103,10455,1455,A10,S05,R01,Dairy,32.28
103,10456,1456,A02,S01,R02,Frozen,7.26
103,10457,1457,A11,S04,R02,Bakery,8.75
103,10458,1458,A02,S01,R04,Snacks,30.99
103,10459,1459,A08,S03,R01,Bakery,33.21
103,10460,1460,A03,S04,R04,Frozen,36.95
103,10461,1461,A10,S01,R02,Household,4.86
103,10462,1462,A01,S06,R05,Staples,4.08
103,10463,1463,A06,S06,R01,Beverages,23.5
103,10464,1464,A08,S01,R02,Beverages,19.93
103,10465,1465,A02,S04,R02,Personal Care,39.88
103,10466,1466,A11,S04,R03,Household,14.89
103,10467,1467,A01,S02,R02,Staples,36.22
103,10468,1468,A09,S03,R03,Dairy,26.7
103,10469,1469,A06,S02,R04,Personal Care,4.86
103,10470,1470,A06,S06,R04,Bakery,33.2
103,10471,1471,A01,S07,R04,Fruits,6.98
103,10472,1472,A12,S02,R03,Staples,33.22
103,10473,1473,A10,S07,R05,Fruits,21.94
103,10474,1474,A08,S03,R01,Household,30.65
103,10475,1475,A06,S02,R01,Beverages,18.41
103,10476,1476,A10,S03,R01,Fruits,12.51
103,10477,1477,A04,S03,R04,Vegetables,6.32
103,10478,1478,A08,S03,R05,Snacks,30.27
103,10479,1479,A03,S04,R05,Household,12.96
103,10480,1480,A02,S04,R01,Personal Care,38.78
103,10481,1481,A03,S07,R01,Frozen,30.92
103,10482,1482,A05,S03,R01,Staples,18.5
103,10483,1483,A10,S02,R02,Household,16.45
103,10484,1484,A06,S03,R02,Personal Care,8.47
103,10485,1485,A06,S07,R02,Fruits,32.82
103,10486,1486,A03,S05,R02,Beverages,6.99
103,10487,1487,A07,S01,R04,Bakery,21.92
103,10488,1488,A02,S04,R02,Vegetables,20.01
103,10489,1489,A08,S07,R01,Frozen,19.85
103,10490,1490,A04,S01,R01,Beverages,4.07
103,10491,1491,A03,S05,R03,Bakery,18.82
103,10492,1492,A07,S06,R03,Personal Care,8.39
103,10493,1493,A05,S07,R04,Frozen,4.63
103,10494,1494,A07,S03,R05,Staples,23.66
103,10495,1495,A01,S04,R04,Fruits,21.85
103,10496,1496,A12,S03,R05,Beverages,12.03
103,10497,1497,A08,S03,R02,Snacks,18.04
103,10498,1498,A10,S01,R04,Fruits,13.92
103,10499,1499,A09,S02,R01,Fruits,32.19
103,10500,1500,A05,S01,R03,Fruits,40.21
104,10001,1501,A04,S02,R03,Snacks,13.56
104,10002,1502,A09,S02,R01,Frozen,27.65
104,10003,1503,A12,S02,R01,Household,26.61
104,10004,1504,A05,S03,R01,Household,12.2
104,10005,1505,A07,S01,R02,Household,17.25
104,10006,1506,A09,S03,R05,Household,24.09
104,10007,1507,A08,S05,R02,Snacks,18.09
104,10008,1508,A10,S03,R03,Bakery,17.35
104,10009,1509,A03,S05,R04,Staples,27.16
104,10010,1510,A05,S02,R05,Beverages,26.96
104,10011,1511,A05,S07,R03,Snacks,13.6
104,10012,1512,A08,S02,R01,Vegetables,27.69
104,10013,1513,A06,S03,R02,Bakery,16.94
104,10014,1514,A07,S01,R05,Frozen,10.09
104,10015,1515,A10,S07,R01,Household,19.24
104,10016,1516,A05,S07,R04,Personal Care,20.55
104,10017,1517,A05,S02,R01,Beverages,8.24
104,10018,1518,A11,S06,R02,Staples,22.0
104,10019,1519,A05,S06,R02,Snacks,10.71
104,10020,1520,A07,S04,R05,Beverages,12.71
104,10021,1521,A08,S06,R01,Beverages,12.07
104,10022,1522,A08,S03,R01,Fruits,28.23
104,10023,1523,A05,S05,R03,Dairy,29.52
104,10024,1524,A05,S01,R04,Snacks,17.17
104,10025,1525,A10,S05,R05,Staples,14.15
104,10026,1526,A03,S06,R01,Dairy,6.59
104,10027,1527,A06,S04,R04,Staples,30.32
104,10028,1528,A10,S01,R01,Staples,12.08
104,10029,1529,A12,S04,R04,Fruits,14.76
104,10030,1530,A06,S05,R01,Personal Care,17.86
104,10031,1531,A05,S06,R05,Bakery,13.92
104,10032,1532,A06,S01,R01,Household,22.99
104,10033,1533,A12,S02,R04,Household,28.46
104,10034,1534,A07,S07,R01,Vegetables,18.57
104,10035,1535,A09,S05,R05,Dairy,25.26
104,10036,1536,A11,S02,R01,Frozen,17.32
104,10037,1537,A04,S03,R01,Beverages,11.65
104,10038,1538,A07,S01,R01,Staples,14.98
104,10039,1539,A03,S07,R04,Personal Care,27.78
104,10040,1540,A02,S01,R02,Household,9.99
104,10041,1541,A08,S07,R05,Household,18.49
104,10042,1542,A12,S06,R03,Bakery,12.08
104,10043,1543,A11,S06,R01,Vegetables,22.75
104,10044,1544,A01,S04,R03,Beverages,27.53
104,10045,1545,A04,S04,R01,Beverages,5.25
104,10046,1546,A04,S04,R03,Dairy,22.05
104,10047,1547,A06,S01,R02,Snacks,22.42
104,10048,1548,A11,S02,R03,Bakery,26.09
104,10049,1549,A10,S03,R05,Household,19.91
104,10050,1550,A01,S05,R04,Personal Care,18.48
104,10051,1551,A02,S02,R04,Frozen,21.5
104,10052,1552,A05,S07,R04,Household,8.01
104,10053,1553,A07,S07,R02,Vegetables,23.55
104,10054,1554,A12,S01,R05,Frozen,13.79
104,10055,1555,A08,S05,R05,Beverages,24.78
104,10056,1556,A06,S06,R05,Vegetables,6.42
104,10057,1557,A05,S03,R01,Frozen,7.18
104,10058,1558,A04,S06,R02,Vegetables,29.35
104,10059,1559,A11,S06,R01,Dairy,22.93
104,10060,1560,A02,S02,R01,Beverages,31.25
104,10061,1561,A11,S04,R03,Household,26.75
104,10062,1562,A12,S04,R01,Bakery,37.21
104,10063,1563,A04,S03,R01,Beverages,21.71
104,10064,1564,A07,S06,R03,Bakery,31.38
104,10065,1565,A02,S03,R02,Personal Care,15.0
104,10066,1566,A01,S02,R01,Beverages,10.36
104,10067,1567,A06,S07,R05,Vegetables,17.67
104,10068,1568,A09,S03,R02,Fruits,20.16
104,10069,1569,A09,S07,R02,Snacks,20.18
104,10070,1570,A08,S02,R01,Personal Care,31.37
104,10071,1571,A12,S03,R02,Frozen,17.87
104,10072,1572,A09,S02,R01,Beverages,37.7
104,10073,1573,A08,S01,R01,Bakery,20.3
104,10074,1574,A04,S07,R02,Staples,27.5
104,10075,1575,A10,S03,R04,Personal Care,34.14
104,10076,1576,A06,S05,R02,Household,24.83
104,10077,1577,A02,S02,R03,Dairy,17.56
104,10078,1578,A10,S05,R01,Vegetables,17.72
104,10079,1579,A06,S07,R05,Household,21.1
104,10080,1580,A07,S04,R03,Staples,18.64
104,10081,1581,A01,S02,R05,Beverages,35.95
104,10082,1582,A09,S05,R02,Staples,26.57
104,10083,1583,A12,S03,R03,Staples,21.46
104,10084,1584,A09,S04,R04,Vegetables,13.08
104,10085,1585,A07,S04,R03,Staples,31.36
104,10086,1586,A08,S06,R03,Fruits,12.96
104,10087,1587,A04,S03,R05,Fruits,13.72
104,10088,1588,A11,S03,R02,Personal Care,5.19
104,10089,1589,A10,S07,R01,Personal Care,26.88
104,10090,1590,A02,S07,R05,Bakery,41.77
104,10091,1591,A07,S04,R03,Staples,13.33
104,10092,1592,A09,S04,R02,Bakery,7.63
104,10093,1593,A08,S05,R05,Staples,11.59
104,10094,1594,A12,S03,R03,Dairy,9.24
104,10095,1595,A05,S06,R04,Household,33.68
104,10096,1596,A05,S05,R04,Household,34.48
104,10097,1597,A05,S02,R05,Household,19.45
104,10098,1598,A07,S01,R05,Personal Care,5.79
104,10099,1599,A10,S01,R01,Beverages,35.39
104,10100,1600,A09,S03,R04,Household,36.8
104,10101,1601,A05,S05,R01,Fruits,34.24
104,10102,1602,A05,S03,R03,Household,13.25
104,10103,1603,A07,S04,R02,Snacks,17.81
104,10104,1604,A11,S02,R04,Beverages,37.0
104,10105,1605,A02,S01,R03,Snacks,20.29
104,10106,1606,A12,S06,R02,Snacks,13.29
104,10107,1607,A02,S04,R04,Dairy,31.07
104,10108,1608,A05,S04,R03,Bakery,24.66
104,10109,1609,A11,S03,R02,Fruits,36.86
104,10110,1610,A09,S04,R03,Bakery,29.7
104,10111,1611,A12,S01,R05,Beverages,14.74
104,10112,1612,A07,S06,R03,Personal Care,28.53
104,10113,1613,A01,S03,R04,Personal Care,16.17
104,10114,1614,A03,S02,R01,Beverages,14.07
104,10115,1615,A04,S07,R02,Staples,35.3
104,10116,1616,A12,S02,R02,Snacks,24.31
104,10117,1617,A11,S03,R03,Dairy,27.63
104,10118,1618,A04,S04,R03,Household,13.02
104,10119,1619,A05,S05,R05,Snacks,36.65
104,10120,1620,A04,S05,R03,Personal Care,38.18
104,10121,1621,A08,S02,R01,Snacks,15.48
104,10122,1622,A11,S06,R04,Snacks,35.16
104,10123,1623,A02,S03,R05,Dairy,6.84
104,10124,1624,A10,S01,R02,Snacks,12.03
104,10125,1625,A01,S04,R05,Household,14.29
104,10126,1626,A03,S07,R03,Vegetables,18.08
104,10127,1627,A08,S07,R03,Personal Care,11.03
104,10128,1628,A07,S07,R02,Dairy,16.19
104,10129,1629,A09,S03,R02,Vegetables,10.77
104,10130,1630,A11,S07,R05,Beverages,35.12
104,10131,1631,A05,S05,R02,Frozen,14.3
104,10132,1632,A10,S05,R01,Fruits,15.71
104,10133,1633,A03,S05,R03,Fruits,21.43
104,10134,1634,A07,S01,R05,Beverages,17.41
104,10135,1635,A09,S03,R02,Frozen,10.91
104,10136,1636,A04,S05,R02,Staples,34.56
104,10137,1637,A12,S04,R04,Dairy,35.52
104,10138,1638,A02,S02,R04,Fruits,9.05
104,10139,1639,A09,S01,R04,Staples,40.81
104,10140,1640,A02,S05,R04,Dairy,38.0
104,10141,1641,A03,S03,R04,Staples,21.4
104,10142,1642,A06,S06,R03,Fruits,18.81
104,10143,1643,A06,S04,R02,Frozen,36.24
104,10144,1644,A07,S04,R03,Fruits,21.8
104,10145,1645,A01,S01,R03,Beverages,14.94
104,10146,1646,A07,S01,R01,Personal Care,22.98
104,10147,1647,A06,S04,R04,Bakery,36.57
104,10148,1648,A03,S06,R02,Snacks,24.13
104,10149,1649,A07,S06,R03,Snacks,23.03
104,10150,1650,A06,S05,R01,Household,7.79
104,10151,1651,A01,S05,R01,Frozen,30.21
104,10152,1652,A10,S07,R05,Personal Care,10.66
104,10153,1653,A12,S01,R01,Beverages,13.59
104,10154,1654,A05,S07,R03,Beverages,37.2
104,10155,1655,A07,S02,R03,Beverages,7.03
104,10156,1656,A08,S05,R02,Staples,29.33
104,10157,1657,A09,S01,R01,Vegetables,21.23
104,10158,1658,A06,S06,R05,Bakery,15.86
104,10159,1659,A03,S03,R05,Vegetables,17.71
104,10160,1660,A08,S07,R03,Dairy,35.44
104,10161,1661,A09,S05,R02,Bakery,40.91
104,10162,1662,A05,S06,R04,Dairy,8.73
104,10163,1663,A09,S07,R03,Household,6.9
104,10164,1664,A11,S01,R05,Household,12.98
104,10165,1665,A06,S02,R03,Personal Care,29.94
104,10166,1666,A01,S06,R01,Beverages,5.76
104,10167,1667,A06,S01,R05,Household,4.31
104,10168,1668,A02,S06,R05,Bakery,40.99
104,10169,1669,A02,S03,R01,Frozen,20.4
104,10170,1670,A06,S01,R01,Snacks,10.47
104,10171,1671,A10,S06,R05,Frozen,10.44
104,10172,1672,A03,S04,R04,Bakery,14.73
104,10173,1673,A04,S03,R02,Beverages,13.64
104,10174,1674,A01,S04,R05,Personal Care,34.65
104,10175,1675,A09,S04,R02,Beverages,17.77
104,10176,1676,A12,S05,R01,Beverages,36.72
104,10177,1677,A09,S04,R03,Bakery,13.92
104,10178,1678,A09,S05,R03,Vegetables,24.4
104,10179,1679,A03,S06,R02,Fruits,25.42
104,10180,1680,A05,S03,R04,Vegetables,32.92
104,10181,1681,A01,S04,R03,Personal Care,31.79
104,10182,1682,A12,S07,R01,Personal Care,24.74
104,10183,1683,A04,S01,R01,Personal Care,21.19
104,10184,1684,A01,S03,R05,Vegetables,4.71
104,10185,1685,A01,S07,R04,Frozen,19.89
104,10186,1686,A03,S06,R05,Dairy,35.34
104,10187,1687,A01,S05,R04,Vegetables,21.72
104,10188,1688,A11,S06,R01,Bakery,40.4
104,10189,1689,A09,S01,R05,Vegetables,27.21
104,10190,1690,A10,S03,R05,Frozen,27.42
104,10191,1691,A02,S07,R01,Vegetables,19.47
104,10192,1692,A02,S06,R02,Frozen,29.41
104,10193,1693,A12,S06,R04,Beverages,28.01
104,10194,1694,A08,S02,R01,Personal Care,38.3
104,10195,1695,A04,S04,R01,Beverages,38.43
104,10196,1696,A01,S04,R01,Fruits,26.82
104,10197,1697,A02,S03,R05,Household,13.21
104,10198,1698,A02,S02,R04,Frozen,5.27
104,10199,1699,A10,S05,R03,Fruits,25.62
104,10200,1700,A06,S04,R05,Household,25.98
104,10201,1701,A01,S07,R04,Fruits,24.96
104,10202,1702,A02,S01,R04,Household,20.04
104,10203,1703,A03,S03,R03,Household,36.48
104,10204,1704,A03,S05,R03,Beverages,25.51
104,10205,1705,A06,S04,R03,Household,37.55
104,10206,1706,A06,S03,R02,Fruits,37.1
104,10207,1707,A08,S05,R01,Dairy,18.71
104,10208,1708,A02,S04,R04,Dairy,27.46
104,10209,1709,A12,S04,R01,Beverages,16.9
104,10210,1710,A02,S02,R04,Frozen,19.92
104,10211,1711,A07,S02,R02,Bakery,28.34
104,10212,1712,A09,S02,R03,Beverages,5.22
104,10213,1713,A02,S01,R03,Household,27.43
104,10214,1714,A06,S03,R04,Fruits,41.37
104,10215,1715,A10,S07,R01,Household,23.88
104,10216,1716,A05,S04,R02,Vegetables,41.89
104,10217,1717,A09,S05,R04,Staples,9.26
104,10218,1718,A09,S05,R03,Snacks,12.06
104,10219,1719,A02,S02,R04,Snacks,31.57
104,10220,1720,A03,S05,R03,Bakery,28.52
104,10221,1721,A01,S01,R02,Beverages,7.61
104,10222,1722,A05,S01,R05,Staples,7.87
104,10223,1723,A03,S07,R02,Dairy,37.31
104,10224,1724,A06,S05,R01,Household,28.2
104,10225,1725,A03,S06,R03,Beverages,19.45
104,10226,1726,A03,S05,R03,Household,18.49
104,10227,1727,A08,S07,R04,Personal Care,17.8
104,10228,1728,A03,S01,R02,Beverages,11.95
104,10229,1729,A09,S02,R03,Vegetables,41.45
104,10230,1730,A07,S01,R04,Personal Care,18.64
104,10231,1731,A07,S02,R04,Bakery,28.15
104,10232,1732,A09,S04,R03,Snacks,9.61
104,10233,1733,A01,S02,R02,Dairy,13.74
104,10234,1734,A07,S01,R01,Personal Care,36.4
104,10235,1735,A12,S04,R04,Personal Care,7.16
104,10236,1736,A05,S01,R01,Dairy,30.97
104,10237,1737,A08,S03,R02,Household,26.57
104,10238,1738,A02,S03,R04,Beverages,20.9
104,10239,1739,A06,S05,R03,Household,19.85
104,10240,1740,A09,S05,R01,Dairy,32.26
104,10241,1741,A06,S01,R03,Bakery,26.61
104,10242,1742,A02,S01,R04,Beverages,28.56
104,10243,1743,A08,S03,R05,Bakery,33.96
104,10244,1744,A11,S07,R01,Vegetables,12.19
104,10245,1745,A01,S03,R01,Personal Care,9.59
104,10246,1746,A09,S05,R03,Bakery,34.85
104,10247,1747,A12,S04,R02,Personal Care,23.64
104,10248,1748,A07,S07,R04,Bakery,24.25
104,10249,1749,A12,S02,R03,Bakery,10.35
104,10250,1750,A04,S07,R03,Snacks,4.94
104,10251,1751,A04,S02,R03,Household,32.95
104,10252,1752,A03,S03,R05,Bakery,20.68
104,10253,1753,A08,S07,R05,Fruits,33.01
104,10254,1754,A05,S01,R01,Frozen,26.8
104,10255,1755,A03,S06,R02,Frozen,21.17
104,10256,1756,A07,S05,R02,Snacks,16.16
104,10257,1757,A02,S05,R01,Beverages,29.0
104,10258,1758,A08,S05,R02,Vegetables,15.82
104,10259,1759,A12,S03,R04,Personal Care,16.81
104,10260,1760,A05,S06,R03,Snacks,14.07
104,10261,1761,A11,S06,R03,Fruits,24.96
104,10262,1762,A07,S07,R01,Dairy,31.41
104,10263,1763,A07,S01,R03,Bakery,28.45
104,10264,1764,A11,S01,R05,Frozen,8.56
104,10265,1765,A09,S07,R04,Beverages,22.17
104,10266,1766,A01,S04,R03,Beverages,39.0
104,10267,1767,A08,S07,R03,Beverages,34.77
104,10268,1768,A12,S07,R02,Household,18.59
104,10269,1769,A07,S03,R03,Dairy,35.12
104,10270,1770,A05,S04,R04,Dairy,5.94
104,10271,1771,A10,S02,R05,Fruits,39.39
104,10272,1772,A04,S02,R02,Beverages,6.34
104,10273,1773,A02,S03,R03,Personal Care,12.74
104,10274,1774,A05,S01,R03,Beverages,26.83
104,10275,1775,A06,S05,R03,Beverages,40.33
104,10276,1776,A12,S01,R04,Frozen,29.65
104,10277,1777,A06,S07,R01,Bakery,38.19
104,10278,1778,A12,S06,R01,Snacks,20.17
104,10279,1779,A03,S07,R04,Snacks,13.86
104,10280,1780,A10,S02,R01,Beverages,29.2
104,10281,1781,A08,S03,R02,Staples,15.87
104,10282,1782,A01,S07,R04,Fruits,37.4
104,10283,1783,A07,S05,R04,Frozen,27.74
104,10284,1784,A06,S03,R02,Vegetables,12.85
104,10285,1785,A09,S01,R02,Snacks,9.46
104,10286,1786,A06,S02,R01,Snacks,39.22
104,10287,1787,A03,S04,R02,Staples,35.24
104,10288,1788,A06,S07,R03,Beverages,28.04
104,10289,1789,A02,S05,R02,Fruits,9.32
104,10290,1790,A11,S05,R01,Dairy,26.63
104,10291,1791,A08,S06,R03,Vegetables,37.53
104,10292,1792,A09,S01,R05,Staples,19.67
104,10293,1793,A07,S01,R02,Dairy,34.72
104,10294,1794,A03,S04,R02,Staples,7.74
104,10295,1795,A01,S07,R02,Snacks,15.44
104,10296,1796,A03,S02,R02,Bakery,23.7
104,10297,1797,A03,S07,R01,Vegetables,13.33
104,10298,1798,A03,S03,R04,Snacks,36.06
104,10299,1799,A11,S03,R02,Vegetables,12.66
104,10300,1800,A03,S01,R02,Bakery,15.83
104,10301,1801,A02,S02,R02,Personal Care,36.1
104,10302,1802,A02,S03,R04,Personal Care,38.12
104,10303,1803,A08,S03,R03,Bakery,31.56
104,10304,1804,A01,S06,R03,Fruits,41.1
104,10305,1805,A08,S02,R04,Fruits,30.2
104,10306,1806,A08,S03,R04,Personal Care,36.42
104,10307,1807,A05,S01,R04,Household,10.47
104,10308,1808,A05,S01,R01,Household,9.06
104,10309,1809,A01,S04,R01,Frozen,33.02
104,10310,1810,A01,S02,R05,Household,37.11
104,10311,1811,A08,S01,R02,Vegetables,30.48
104,10312,1812,A07,S03,R02,Bakery,11.92
104,10313,1813,A07,S03,R03,Personal Care,7.62
104,10314,1814,A11,S01,R01,Frozen,21.25
104,10315,1815,A06,S03,R04,Frozen,7.52
104,10316,1816,A04,S04,R01,Fruits,32.68
104,10317,1817,A05,S07,R03,Fruits,8.9
104,10318,1818,A11,S01,R02,Dairy,20.47
104,10319,1819,A11,S02,R04,Bakery,26.93
104,10320,1820,A05,S06,R01,Snacks,29.27
104,10321,1821,A11,S07,R01,Snacks,21.71
104,10322,1822,A08,S06,R04,Vegetables,39.22
104,10323,1823,A06,S07,R02,Vegetables,19.83
104,10324,1824,A04,S04,R05,Staples,23.2
104,10325,1825,A08,S07,R05,Beverages,4.4
104,10326,1826,A06,S02,R03,Staples,32.67
104,10327,1827,A04,S04,R01,Frozen,39.85
104,10328,1828,A03,S04,R04,Vegetables,31.58
104,10329,1829,A08,S05,R03,Fruits,11.58
104,10330,1830,A04,S07,R03,Frozen,33.39
104,10331,1831,A02,S04,R02,Personal Care,4.3
104,10332,1832,A05,S06,R02,Fruits,23.55
104,10333,1833,A06,S01,R03,Personal Care,34.31
104,10334,1834,A09,S07,R04,Snacks,13.31
104,10335,1835,A12,S03,R05,Frozen,10.47
104,10336,1836,A11,S06,R02,Fruits,36.33
104,10337,1837,A02,S01,R01,Frozen,21.23
104,10338,1838,A02,S05,R01,Frozen,21.75
104,10339,1839,A06,S01,R03,Bakery,16.07
104,10340,1840,A01,S04,R05,Bakery,36.21
104,10341,1841,A06,S01,R05,Snacks,41.58
104,10342,1842,A11,S03,R03,Dairy,36.23
104,10343,1843,A08,S03,R01,Fruits,19.37
104,10344,1844,A08,S07,R02,Beverages,4.5
104,10345,1845,A03,S02,R05,Frozen,28.77
104,10346,1846,A06,S05,R04,Frozen,5.15
104,10347,1847,A10,S02,R02,Bakery,27.22
104,10348,1848,A02,S07,R03,Staples,10.55
104,10349,1849,A05,S02,R05,Dairy,14.65
104,10350,1850,A11,S06,R04,Household,22.35
104,10351,1851,A08,S06,R04,Staples,16.45
104,10352,1852,A03,S02,R01,Staples,20.59
104,10353,1853,A10,S04,R01,Fruits,17.78
104,10354,1854,A08,S03,R02,Staples,19.38
104,10355,1855,A05,S03,R04,Bakery,33.28
104,10356,1856,A02,S06,R04,Snacks,32.84
104,10357,1857,A09,S04,R03,Beverages,8.49
104,10358,1858,A12,S04,R04,Vegetables,15.93
104,10359,1859,A05,S02,R05,Dairy,5.67
104,10360,1860,A05,S02,R03,Household,23.94
104,10361,1861,A11,S05,R05,Vegetables,24.83
104,10362,1862,A09,S07,R01,Personal Care,11.02
104,10363,1863,A01,S06,R02,Beverages,17.41
104,10364,1864,A06,S04,R02,Vegetables,22.07
104,10365,1865,A05,S02,R01,Staples,35.12
104,10366,1866,A01,S04,R04,Dairy,26.3
104,10367,1867,A09,S07,R02,Household,35.01
104,10368,1868,A07,S03,R02,Household,36.85
104,10369,1869,A11,S06,R01,Vegetables,29.94
104,10370,1870,A06,S04,R04,Fruits,15.47
104,10371,1871,A12,S06,R01,Dairy,39.61
104,10372,1872,A04,S02,R04,Frozen,14.92
104,10373,1873,A02,S03,R01,Frozen,25.51
104,10374,1874,A07,S03,R01,Fruits,29.06
104,10375,1875,A05,S02,R03,Dairy,31.36
104,10376,1876,A08,S01,R04,Bakery,33.77
104,10377,1877,A01,S07,R05,Dairy,17.27
104,10378,1878,A06,S03,R01,Staples,38.24
104,10379,1879,A09,S05,R03,Staples,21.49
104,10380,1880,A06,S03,R02,Bakery,23.03
104,10381,1881,A07,S04,R02,Household,38.35
104,10382,1882,A02,S06,R03,Bakery,26.16
104,10383,1883,A01,S07,R03,Vegetables,19.96
104,10384,1884,A06,S05,R03,Snacks,37.25
104,10385,1885,A09,S07,R02,Household,40.75
104,10386,1886,A07,S06,R02,Staples,32.52
104,10387,1887,A04,S02,R03,Dairy,37.42
104,10388,1888,A06,S06,R03,Bakery,8.95
104,10389,1889,A03,S06,R01,Fruits,13.99
104,10390,1890,A12,S02,R03,Vegetables,12.08
104,10391,1891,A01,S01,R02,Frozen,21.45
104,10392,1892,A12,S06,R01,Household,15.62
104,10393,1893,A12,S02,R04,Vegetables,19.03
104,10394,1894,A08,S01,R02,Frozen,9.0
104,10395,1895,A08,S02,R04,Beverages,19.83
104,10396,1896,A03,S04,R02,Snacks,30.82
104,10397,1897,A08,S04,R05,Beverages,8.61
104,10398,1898,A12,S06,R03,Bakery,16.55
104,10399,1899,A03,S05,R02,Frozen,35.22
104,10400,1900,A11,S06,R03,Dairy,5.34
104,10401,1901,A04,S07,R05,Bakery,15.42
104,10402,1902,A10,S06,R04,Fruits,41.02
104,10403,1903,A06,S04,R02,Fruits,39.28
104,10404,1904,A12,S06,R04,Bakery,41.87
104,10405,1905,A03,S05,R01,Dairy,4.73
104,10406,1906,A07,S05,R05,Personal Care,31.24
104,10407,1907,A07,S05,R02,Frozen,38.43
104,10408,1908,A01,S04,R03,Bakery,19.51
104,10409,1909,A09,S03,R02,Fruits,22.89
104,10410,1910,A05,S03,R05,Snacks,23.76
104,10411,1911,A08,S07,R04,Frozen,11.96
104,10412,1912,A04,S07,R03,Personal Care,29.08
104,10413,1913,A08,S04,R02,Household,16.13
104,10414,1914,A02,S01,R01,Snacks,19.75
104,10415,1915,A09,S07,R01,Beverages,24.47
104,10416,1916,A09,S07,R05,Bakery,25.64
104,10417,1917,A10,S04,R02,Staples,33.87
104,10418,1918,A06,S01,R01,Staples,13.78
104,10419,1919,A12,S04,R01,Dairy,13.55
104,10420,1920,A11,S03,R03,Household,28.24
104,10421,1921,A10,S06,R01,Dairy,18.47
104,10422,1922,A07,S06,R03,Household,14.04
104,10423,1923,A11,S04,R01,Staples,34.68
104,10424,1924,A05,S03,R03,Bakery,37.21
104,10425,1925,A11,S02,R04,Beverages,34.69
104,10426,1926,A09,S04,R05,Bakery,35.71
104,10427,1927,A07,S07,R03,Snacks,34.88
104,10428,1928,A07,S02,R04,Frozen,29.11
104,10429,1929,A11,S07,R03,Dairy,30.15
104,10430,1930,A06,S03,R04,Vegetables,12.34
104,10431,1931,A12,S04,R05,Frozen,40.11
104,10432,1932,A02,S07,R03,Vegetables,30.47
104,10433,1933,A02,S01,R03,Bakery,19.82
104,10434,1934,A06,S04,R03,Beverages,15.24
104,10435,1935,A10,S03,R04,Snacks,8.52
104,10436,1936,A06,S01,R05,Personal Care,8.2
104,10437,1937,A04,S06,R01,Vegetables,29.24
104,10438,1938,A08,S06,R05,Frozen,4.42
104,10439,1939,A10,S07,R02,Snacks,32.0
104,10440,1940,A09,S03,R03,Fruits,28.96
104,10441,1941,A03,S03,R04,Frozen,32.16
104,10442,1942,A04,S04,R02,Frozen,34.58
104,10443,1943,A07,S05,R01,Beverages,37.84
104,10444,1944,A03,S01,R01,Dairy,39.38
104,10445,1945,A12,S05,R03,Snacks,41.22
104,10446,1946,A02,S02,R02,Snacks,5.81
104,10447,1947,A08,S04,R04,Bakery,14.57
104,10448,1948,A07,S05,R01,Personal Care,39.4
104,10449,1949,A05,S07,R05,Staples,30.96
104,10450,1950,A02,S04,R04,Bakery,18.54
104,10451,1951,A09,S04,R01,Household,32.79
104,10452,1952,A04,S02,R05,Bakery,4.26
104,10453,1953,A05,S06,R02,Household,34.88
104,10454,1954,A09,S04,R05,Beverages,4.37
104,10455,1955,A02,S04,R04,Dairy,27.35
104,10456,1956,A07,S02,R04,Frozen,30.91
104,10457,1957,A12,S07,R01,Bakery,39.8
104,10458,1958,A04,S05,R02,Snacks,32.7
104,10459,1959,A01,S03,R03,Bakery,7.62
104,10460,1960,A07,S04,R01,Frozen,31.8
104,10461,1961,A01,S02,R02,Household,14.12
104,10462,1962,A12,S05,R04,Staples,34.47
104,10463,1963,A11,S05,R03,Beverages,15.96
104,10464,1964,A01,S05,R01,Beverages,27.13
104,10465,1965,A12,S05,R03,Personal Care,33.37
104,10466,1966,A01,S04,R02,Household,41.9
104,10467,1967,A04,S03,R03,Staples,37.82
104,10468,1968,A04,S02,R01,Dairy,24.14
104,10469,1969,A03,S04,R02,Personal Care,17.17
104,10470,1970,A02,S01,R03,Bakery,39.68
104,10471,1971,A09,S01,R01,Fruits,30.38
104,10472,1972,A01,S04,R01,Staples,31.47
104,10473,1973,A09,S03,R05,Fruits,20.59
104,10474,1974,A05,S02,R03,Household,5.85
104,10475,1975,A11,S01,R02,Beverages,32.9
104,10476,1976,A12,S04,R05,Fruits,27.23
104,10477,1977,A12,S05,R02,Vegetables,39.1
104,10478,1978,A03,S05,R03,Snacks,11.41
104,10479,1979,A05,S03,R02,Household,21.07
104,10480,1980,A07,S07,R03,Personal Care,38.92
104,10481,1981,A05,S05,R02,Frozen,30.35
104,10482,1982,A08,S04,R01,Staples,36.97
104,10483,1983,A02,S06,R05,Household,20.79
104,10484,1984,A06,S01,R02,Personal Care,25.35
104,10485,1985,A08,S03,R01,Fruits,41.63
104,10486,1986,A10,S05,R01,Beverages,34.33
104,10487,1987,A01,S06,R01,Bakery,14.03
104,10488,1988,A11,S03,R02,Vegetables,8.74
104,10489,1989,A12,S05,R03,Frozen,27.02
104,10490,1990,A07,S03,R02,Beverages,6.64
104,10491,1991,A08,S01,R04,Bakery,8.12
104,10492,1992,A12,S05,R02,Personal Care,22.61
104,10493,1993,A01,S04,R02,Frozen,37.44
104,10494,1994,A08,S04,R01,Staples,36.98
104,10495,1995,A02,S03,R03,Fruits,16.87
104,10496,1996,A02,S04,R03,Beverages,41.86
104,10497,1997,A01,S01,R04,Snacks,11.52
104,10498,1998,A04,S03,R02,Fruits,30.04
104,10499,1999,A03,S01,R05,Fruits,41.47
104,10500,2000,A08,S02,R05,Fruits,7.05
105,10001,2001,A06,S03,R02,Snacks,15.17
105,10002,2002,A01,S07,R01,Frozen,10.56
105,10003,2003,A03,S06,R01,Household,7.11
105,10004,2004,A10,S02,R05,Household,13.77
105,10005,2005,A02,S05,R04,Household,6.62
105,10006,2006,A12,S07,R03,Household,9.09
105,10007,2007,A06,S03,R02,Snacks,27.71
105,10008,2008,A02,S06,R01,Bakery,30.01
105,10009,2009,A05,S01,R03,Staples,9.74
105,10010,2010,A04,S05,R04,Beverages,20.81
105,10011,2011,A06,S06,R05,Snacks,20.56
105,10012,2012,A08,S06,R04,Vegetables,10.32
105,10013,2013,A05,S06,R04,Bakery,15.15
105,10014,2014,A05,S05,R01,Frozen,23.4
105,10015,2015,A08,S04,R04,Household,5.8
105,10016,2016,A01,S03,R04,Personal Care,19.19
105,10017,2017,A03,S05,R01,Beverages,30.69
105,10018,2018,A09,S06,R05,Staples,10.58
105,10019,2019,A07,S07,R03,Snacks,29.87
105,10020,2020,A07,S05,R04,Beverages,20.68
105,10021,2021,A09,S02,R05,Beverages,19.39
105,10022,2022,A02,S03,R01,Fruits,5.07
105,10023,2023,A11,S05,R02,Dairy,28.54
105,10024,2024,A08,S01,R01,Snacks,10.91
105,10025,2025,A10,S06,R01,Staples,29.7
105,10026,2026,A08,S02,R03,Dairy,31.58
105,10027,2027,A10,S01,R03,Staples,25.8
105,10028,2028,A12,S01,R01,Staples,17.04
105,10029,2029,A03,S03,R01,Fruits,23.95
105,10030,2030,A02,S02,R03,Personal Care,21.21
105,10031,2031,A12,S04,R03,Bakery,12.41
105,10032,2032,A06,S01,R04,Household,19.58
105,10033,2033,A02,S03,R04,Household,8.95
105,10034,2034,A05,S04,R04,Vegetables,27.43
105,10035,2035,A11,S03,R05,Dairy,31.48
105,10036,2036,A02,S03,R02,Frozen,11.41
105,10037,2037,A01,S04,R01,Beverages,27.01
105,10038,2038,A02,S04,R02,Staples,16.58
105,10039,2039,A03,S07,R03,Personal Care,10.39
105,10040,2040,A01,S07,R03,Household,18.2
105,10041,2041,A08,S06,R04,Household,19.18
105,10042,2042,A02,S04,R02,Bakery,10.21
105,10043,2043,A10,S01,R01,Vegetables,20.31
105,10044,2044,A05,S05,R02,Beverages,5.32
105,10045,2045,A06,S04,R01,Beverages,19.75
105,10046,2046,A02,S01,R05,Dairy,13.31
105,10047,2047,A09,S05,R01,Snacks,31.12
105,10048,2048,A10,S07,R05,Bakery,21.52
105,10049,2049,A11,S02,R05,Household,24.23
105,10050,2050,A02,S06,R04,Personal Care,17.04
105,10051,2051,A04,S01,R03,Frozen,20.61
105,10052,2052,A10,S05,R04,Household,22.29
105,10053,2053,A09,S05,R02,Vegetables,19.65
105,10054,2054,A08,S03,R01,Frozen,13.19
105,10055,2055,A06,S01,R01,Beverages,5.32
105,10056,2056,A02,S04,R01,Vegetables,11.99
105,10057,2057,A03,S01,R02,Frozen,9.5
105,10058,2058,A01,S05,R01,Vegetables,24.76
105,10059,2059,A03,S02,R01,Dairy,30.04
105,10060,2060,A05,S05,R03,Beverages,23.95
105,10061,2061,A05,S01,R03,Household,38.8
105,10062,2062,A02,S01,R01,Bakery,33.23
105,10063,2063,A04,S02,R02,Beverages,23.08
105,10064,2064,A08,S01,R01,Bakery,20.71
105,10065,2065,A11,S02,R05,Personal Care,25.02
105,10066,2066,A09,S04,R01,Beverages,12.1
105,10067,2067,A01,S04,R05,Vegetables,15.49
105,10068,2068,A06,S03,R04,Fruits,16.79
105,10069,2069,A07,S01,R04,Snacks,14.74
105,10070,2070,A04,S01,R02,Personal Care,38.42
105,10071,2071,A08,S06,R05,Frozen,27.28
105,10072,2072,A04,S02,R02,Beverages,8.03
105,10073,2073,A10,S03,R03,Bakery,15.9
105,10074,2074,A10,S04,R05,Staples,36.44
105,10075,2075,A06,S03,R01,Personal Care,38.54
105,10076,2076,A01,S07,R05,Household,18.02
105,10077,2077,A07,S05,R05,Dairy,6.38
105,10078,2078,A03,S03,R03,Vegetables,11.64
105,10079,2079,A03,S02,R01,Household,32.83
105,10080,2080,A09,S04,R03,Staples,38.03
105,10081,2081,A05,S04,R04,Beverages,21.09
105,10082,2082,A11,S03,R02,Staples,15.41
105,10083,2083,A02,S06,R05,Staples,9.2
105,10084,2084,A02,S04,R01,Vegetables,19.56
105,10085,2085,A04,S03,R03,Staples,7.73
105,10086,2086,A09,S04,R04,Fruits,28.95
105,10087,2087,A07,S01,R03,Fruits,24.05
105,10088,2088,A11,S07,R03,Personal Care,24.07
105,10089,2089,A08,S04,R05,Personal Care,34.91
105,10090,2090,A05,S02,R02,Bakery,38.65
105,10091,2091,A12,S07,R04,Staples,14.28
105,10092,2092,A03,S03,R02,Bakery,32.62
105,10093,2093,A07,S07,R02,Staples,27.55
105,10094,2094,A06,S06,R01,Dairy,26.25
105,10095,2095,A09,S04,R02,Household,9.58
105,10096,2096,A09,S03,R04,Household,4.05
105,10097,2097,A02,S01,R05,Household,27.95
105,10098,2098,A06,S02,R01,Personal Care,23.93
105,10099,2099,A06,S05,R01,Beverages,21.19
105,10100,2100,A04,S06,R01,Household,13.91
105,10101,2101,A12,S02,R05,Fruits,13.23
105,10102,2102,A08,S07,R05,Household,15.25
105,10103,2103,A08,S01,R02,Snacks,14.03
105,10104,2104,A07,S03,R01,Beverages,8.24
105,10105,2105,A09,S07,R05,Snacks,25.73
105,10106,2106,A06,S04,R05,Snacks,8.97
105,10107,2107,A05,S01,R01,Dairy,22.92
105,10108,2108,A02,S07,R02,Bakery,33.58
105,10109,2109,A10,S01,R03,Fruits,5.3
105,10110,2110,A12,S02,R05,Bakery,40.04
105,10111,2111,A05,S07,R03,Beverages,5.89
105,10112,2112,A06,S02,R02,Personal Care,8.91
105,10113,2113,A08,S05,R04,Personal Care,34.31
105,10114,2114,A11,S03,R03,Beverages,13.1
105,10115,2115,A04,S04,R03,Staples,22.51
105,10116,2116,A11,S06,R05,Snacks,29.88
105,10117,2117,A01,S02,R05,Dairy,36.67
105,10118,2118,A09,S04,R02,Household,38.92
105,10119,2119,A10,S01,R03,Snacks,33.08
105,10120,2120,A09,S06,R05,Personal Care,32.49
105,10121,2121,A09,S05,R04,Snacks,6.94
105,10122,2122,A08,S07,R02,Snacks,17.28
105,10123,2123,A01,S07,R03,Dairy,8.02
105,10124,2124,A07,S01,R02,Snacks,41.07
105,10125,2125,A01,S05,R05,Household,8.56
105,10126,2126,A02,S06,R01,Vegetables,10.22
105,10127,2127,A06,S01,R02,Personal Care,12.75
105,10128,2128,A11,S06,R05,Dairy,23.88
105,10129,2129,A04,S07,R04,Vegetables,4.92
105,10130,2130,A09,S02,R05,Beverages,40.26
105,10131,2131,A08,S03,R04,Frozen,16.09
105,10132,2132,A07,S02,R02,Fruits,34.6
105,10133,2133,A08,S02,R03,Fruits,9.43
105,10134,2134,A07,S07,R04,Beverages,21.59
105,10135,2135,A02,S04,R05,Frozen,6.6
105,10136,2136,A06,S03,R04,Staples,17.97
105,10137,2137,A11,S03,R04,Dairy,14.77
105,10138,2138,A03,S06,R02,Fruits,35.35
105,10139,2139,A05,S02,R04,Staples,33.64
105,10140,2140,A07,S05,R04,Dairy,8.71
105,10141,2141,A12,S06,R03,Staples,15.46
105,10142,2142,A07,S05,R04,Fruits,22.12
105,10143,2143,A03,S01,R04,Frozen,41.88
105,10144,2144,A04,S03,R02,Fruits,15.93
105,10145,2145,A05,S03,R03,Beverages,32.54
105,10146,2146,A09,S02,R02,Personal Care,16.27
105,10147,2147,A12,S07,R04,Bakery,20.33
105,10148,2148,A12,S02,R02,Snacks,37.05
105,10149,2149,A10,S01,R03,Snacks,9.37
105,10150,2150,A03,S06,R02,Household,23.08
105,10151,2151,A12,S03,R05,Frozen,20.28
105,10152,2152,A07,S04,R04,Personal Care,12.72
105,10153,2153,A10,S05,R02,Beverages,26.15
105,10154,2154,A12,S07,R04,Beverages,5.62
105,10155,2155,A08,S04,R02,Beverages,33.24
105,10156,2156,A01,S06,R02,Staples,14.99
105,10157,2157,A06,S01,R05,Vegetables,35.72
105,10158,2158,A11,S04,R05,Bakery,11.63
105,10159,2159,A11,S05,R03,Vegetables,32.35
105,10160,2160,A02,S07,R01,Dairy,25.67
105,10161,2161,A05,S05,R04,Bakery,26.35
105,10162,2162,A06,S01,R01,Dairy,13.91
105,10163,2163,A11,S02,R03,Household,37.09
105,10164,2164,A12,S06,R01,Household,29.54
105,10165,2165,A06,S03,R05,Personal Care,20.7
105,10166,2166,A09,S05,R01,Beverages,10.09
105,10167,2167,A10,S04,R03,Household,6.72
105,10168,2168,A04,S06,R03,Bakery,33.74
105,10169,2169,A11,S02,R04,Frozen,39.5
105,10170,2170,A05,S05,R02,Snacks,28.88
105,10171,2171,A01,S07,R04,Frozen,34.03
105,10172,2172,A09,S07,R05,Bakery,21.12
105,10173,2173,A12,S05,R05,Beverages,11.93
105,10174,2174,A06,S04,R02,Personal Care,41.64
105,10175,2175,A03,S01,R05,Beverages,5.1
105,10176,2176,A09,S05,R05,Beverages,26.79
105,10177,2177,A06,S02,R04,Bakery,31.33
105,10178,2178,A03,S05,R04,Vegetables,28.58
105,10179,2179,A02,S02,R05,Fruits,15.9
105,10180,2180,A03,S06,R05,Vegetables,28.69
105,10181,2181,A09,S04,R01,Personal Care,38.28
105,10182,2182,A01,S01,R03,Personal Care,38.77
105,10183,2183,A03,S05,R05,Personal Care,20.24
105,10184,2184,A06,S02,R03,Vegetables,20.2
105,10185,2185,A07,S03,R04,Frozen,8.27
105,10186,2186,A10,S02,R03,Dairy,35.94
105,10187,2187,A04,S07,R01,Vegetables,38.94
105,10188,2188,A08,S04,R02,Bakery,17.99
105,10189,2189,A10,S01,R02,Vegetables,22.42
105,10190,2190,A01,S04,R01,Frozen,14.11
105,10191,2191,A07,S03,R05,Vegetables,29.52
105,10192,2192,A03,S01,R01,Frozen,7.64
105,10193,2193,A04,S03,R05,Beverages,31.22
105,10194,2194,A09,S02,R02,Personal Care,32.92
105,10195,2195,A02,S02,R03,Beverages,17.57
105,10196,2196,A02,S02,R03,Fruits,7.83
105,10197,2197,A02,S01,R01,Household,32.96
105,10198,2198,A02,S03,R04,Frozen,39.09
105,10199,2199,A03,S06,R02,Fruits,41.81
105,10200,2200,A08,S02,R04,Household,38.88
105,10201,2201,A10,S03,R04,Fruits,37.55
105,10202,2202,A01,S02,R02,Household,22.55
105,10203,2203,A06,S06,R02,Household,27.68
105,10204,2204,A01,S02,R04,Beverages,13.82
105,10205,2205,A07,S03,R05,Household,21.84
105,10206,2206,A04,S05,R01,Fruits,33.52
105,10207,2207,A08,S06,R05,Dairy,4.87
105,10208,2208,A11,S01,R01,Dairy,14.8
105,10209,2209,A03,S07,R03,Beverages,34.79
105,10210,2210,A03,S04,R04,Frozen,39.86
105,10211,2211,A06,S04,R04,Bakery,38.64
105,10212,2212,A04,S03,R05,Beverages,9.1
105,10213,2213,A02,S04,R04,Household,24.74
105,10214,2214,A11,S05,R03,Fruits,18.89
105,10215,2215,A07,S04,R04,Household,26.27
105,10216,2216,A04,S06,R03,Vegetables,10.22
105,10217,2217,A10,S01,R03,Staples,36.19
105,10218,2218,A06,S04,R05,Snacks,15.26
105,10219,2219,A04,S05,R03,Snacks,18.17
105,10220,2220,A01,S04,R04,Bakery,40.11
105,10221,2221,A09,S04,R05,Beverages,31.76
105,10222,2222,A04,S01,R05,Staples,23.13
105,10223,2223,A09,S01,R02,Dairy,16.38
105,10224,2224,A05,S04,R01,Household,9.57
105,10225,2225,A06,S02,R02,Beverages,5.36
105,10226,2226,A04,S06,R02,Household,12.09
105,10227,2227,A11,S05,R04,Personal Care,5.01
105,10228,2228,A09,S07,R02,Beverages,8.97
105,10229,2229,A09,S04,R02,Vegetables,20.8
105,10230,2230,A04,S07,R03,Personal Care,24.95
105,10231,2231,A09,S04,R05,Bakery,31.89
105,10232,2232,A07,S06,R05,Snacks,35.96
105,10233,2233,A03,S02,R01,Dairy,10.86
105,10234,2234,A06,S02,R03,Personal Care,31.42
105,10235,2235,A03,S01,R02,Personal Care,21.76
105,10236,2236,A04,S04,R05,Dairy,22.0
105,10237,2237,A11,S04,R02,Household,40.86
105,10238,2238,A01,S04,R03,Beverages,19.03
105,10239,2239,A08,S06,R04,Household,19.89
105,10240,2240,A03,S01,R04,Dairy,6.85
105,10241,2241,A12,S06,R03,Bakery,28.37
105,10242,2242,A07,S07,R03,Beverages,28.33
105,10243,2243,A02,S05,R03,Bakery,18.24
105,10244,2244,A06,S07,R03,Vegetables,34.49
105,10245,2245,A06,S05,R03,Personal Care,28.5
105,10246,2246,A01,S05,R04,Bakery,19.73
105,10247,2247,A12,S05,R03,Personal Care,32.09
105,10248,2248,A10,S05,R04,Bakery,34.14
105,10249,2249,A08,S03,R05,Bakery,11.5
105,10250,2250,A08,S05,R01,Snacks,38.74
105,10251,2251,A10,S03,R05,Household,14.19
105,10252,2252,A12,S04,R05,Bakery,21.01
105,10253,2253,A05,S01,R05,Fruits,34.35
105,10254,2254,A02,S03,R01,Frozen,16.09
105,10255,2255,A09,S07,R03,Frozen,37.97
105,10256,2256,A05,S07,R04,Snacks,36.9
105,10257,2257,A11,S07,R04,Beverages,17.52
105,10258,2258,A01,S05,R05,Vegetables,7.18
105,10259,2259,A12,S03,R01,Personal Care,12.7
105,10260,2260,A04,S03,R04,Snacks,15.85
105,10261,2261,A02,S06,R04,Fruits,26.72
105,10262,2262,A05,S01,R03,Dairy,23.66
105,10263,2263,A06,S06,R03,Bakery,25.93
105,10264,2264,A02,S03,R03,Frozen,22.55
105,10265,2265,A05,S05,R04,Beverages,16.91
105,10266,2266,A03,S02,R02,Beverages,36.0
105,10267,2267,A04,S02,R01,Beverages,15.24
105,10268,2268,A05,S03,R01,Household,25.69
105,10269,2269,A06,S04,R05,Dairy,32.51
105,10270,2270,A12,S07,R02,Dairy,36.39
105,10271,2271,A04,S01,R01,Fruits,24.18
105,10272,2272,A02,S06,R03,Beverages,23.46
105,10273,2273,A02,S06,R01,Personal Care,9.42
105,10274,2274,A11,S03,R05,Beverages,21.62
105,10275,2275,A12,S07,R05,Beverages,12.03
105,10276,2276,A01,S04,R01,Frozen,29.39
105,10277,2277,A07,S01,R02,Bakery,15.18
105,10278,2278,A07,S03,R04,Snacks,8.44
105,10279,2279,A11,S05,R05,Snacks,40.0
105,10280,2280,A01,S04,R01,Beverages,35.21
105,10281,2281,A04,S01,R05,Staples,39.51
105,10282,2282,A11,S07,R01,Fruits,10.12
105,10283,2283,A03,S05,R02,Frozen,6.52
105,10284,2284,A02,S02,R04,Vegetables,37.91
105,10285,2285,A01,S02,R03,Snacks,34.96
105,10286,2286,A06,S02,R01,Snacks,13.88
105,10287,2287,A05,S03,R04,Staples,36.37
105,10288,2288,A01,S06,R03,Beverages,27.49
105,10289,2289,A02,S04,R05,Fruits,5.43
105,10290,2290,A12,S06,R04,Dairy,28.78
105,10291,2291,A06,S02,R05,Vegetables,35.84
105,10292,2292,A02,S07,R02,Staples,31.42
105,10293,2293,A12,S01,R01,Dairy,10.53
105,10294,2294,A05,S05,R02,Staples,32.71
105,10295,2295,A03,S01,R02,Snacks,21.95
105,10296,2296,A11,S05,R04,Bakery,18.18
105,10297,2297,A07,S07,R03,Vegetables,29.98
105,10298,2298,A08,S04,R01,Snacks,27.91
105,10299,2299,A09,S01,R01,Vegetables,39.67
105,10300,2300,A12,S03,R04,Bakery,39.59
105,10301,2301,A01,S02,R02,Personal Care,6.72
105,10302,2302,A05,S07,R05,Personal Care,27.39
105,10303,2303,A07,S01,R05,Bakery,34.38
105,10304,2304,A05,S02,R01,Fruits,36.41
105,10305,2305,A07,S07,R04,Fruits,26.81
105,10306,2306,A03,S03,R04,Personal Care,17.92
105,10307,2307,A08,S03,R01,Household,25.65
105,10308,2308,A02,S07,R02,Household,4.97
105,10309,2309,A10,S07,R03,Frozen,14.62
105,10310,2310,A03,S04,R03,Household,32.66
105,10311,2311,A10,S03,R01,Vegetables,13.55
105,10312,2312,A10,S05,R01,Bakery,29.07
105,10313,2313,A11,S03,R05,Personal Care,11.51
105,10314,2314,A06,S06,R05,Frozen,11.67
105,10315,2315,A02,S07,R05,Frozen,12.97
105,10316,2316,A03,S02,R01,Fruits,16.15
105,10317,2317,A03,S01,R03,Fruits,24.37
105,10318,2318,A10,S01,R03,Dairy,22.18
105,10319,2319,A11,S01,R05,Bakery,30.7
105,10320,2320,A06,S01,R04,Snacks,41.5
105,10321,2321,A07,S01,R02,Snacks,40.6
105,10322,2322,A11,S07,R05,Vegetables,27.66
105,10323,2323,A07,S02,R05,Vegetables,7.24
105,10324,2324,A05,S06,R03,Staples,40.81
105,10325,2325,A07,S06,R05,Beverages,38.62
105,10326,2326,A09,S03,R01,Staples,26.47
105,10327,2327,A01,S03,R04,Frozen,40.92
105,10328,2328,A11,S06,R02,Vegetables,22.58
105,10329,2329,A05,S07,R05,Fruits,17.92
105,10330,2330,A09,S02,R01,Frozen,35.6
105,10331,2331,A06,S05,R01,Personal Care,11.24
105,10332,2332,A07,S03,R01,Fruits,40.26
105,10333,2333,A10,S07,R05,Personal Care,33.42
105,10334,2334,A07,S06,R04,Snacks,14.89
105,10335,2335,A10,S03,R02,Frozen,17.79
105,10336,2336,A08,S02,R03,Fruits,31.8
105,10337,2337,A04,S07,R03,Frozen,29.53
105,10338,2338,A10,S02,R01,Frozen,24.41
105,10339,2339,A08,S05,R05,Bakery,34.83
105,10340,2340,A01,S06,R04,Bakery,5.08
105,10341,2341,A08,S07,R01,Snacks,25.37
105,10342,2342,A04,S04,R02,Dairy,37.51
105,10343,2343,A10,S04,R04,Fruits,8.74
105,10344,2344,A12,S02,R02,Beverages,24.93
105,10345,2345,A03,S01,R04,Frozen,41.04
105,10346,2346,A04,S01,R01,Frozen,12.48
105,10347,2347,A01,S04,R05,Bakery,14.81
105,10348,2348,A03,S02,R04,Staples,5.41
105,10349,2349,A11,S06,R01,Dairy,35.28
105,10350,2350,A04,S03,R02,Household,8.34
105,10351,2351,A07,S06,R02,Staples,39.12
105,10352,2352,A04,S03,R02,Staples,12.92
105,10353,2353,A07,S04,R02,Fruits,25.51
105,10354,2354,A03,S03,R01,Staples,4.91
105,10355,2355,A09,S02,R02,Bakery,18.12
105,10356,2356,A05,S03,R03,Snacks,31.82
105,10357,2357,A01,S02,R05,Beverages,14.61
105,10358,2358,A07,S07,R05,Vegetables,36.9
105,10359,2359,A08,S04,R01,Dairy,8.61
105,10360,2360,A04,S03,R02,Household,15.6
105,10361,2361,A05,S02,R04,Vegetables,35.77
105,10362,2362,A10,S07,R02,Personal Care,31.2
105,10363,2363,A07,S01,R05,Beverages,6.7
105,10364,2364,A06,S07,R03,Vegetables,21.98
105,10365,2365,A08,S06,R03,Staples,29.19
105,10366,2366,A09,S07,R05,Dairy,34.28
105,10367,2367,A07,S02,R02,Household,15.95
105,10368,2368,A08,S05,R04,Household,37.47
105,10369,2369,A04,S06,R02,Vegetables,7.5
105,10370,2370,A04,S02,R03,Fruits,5.99
105,10371,2371,A10,S02,R04,Dairy,23.58
105,10372,2372,A03,S07,R04,Frozen,17.87
105,10373,2373,A05,S04,R05,Frozen,24.61
105,10374,2374,A06,S05,R03,Fruits,23.21
105,10375,2375,A06,S02,R04,Dairy,34.14
105,10376,2376,A10,S06,R03,Bakery,25.44
105,10377,2377,A04,S01,R02,Dairy,28.68
105,10378,2378,A11,S05,R04,Staples,9.42
105,10379,2379,A06,S02,R02,Staples,30.06
105,10380,2380,A01,S06,R02,Bakery,16.24
105,10381,2381,A07,S01,R01,Household,27.77
105,10382,2382,A04,S01,R01,Bakery,36.99
105,10383,2383,A08,S01,R03,Vegetables,40.55
105,10384,2384,A03,S01,R01,Snacks,4.25
105,10385,2385,A08,S02,R05,Household,38.11
105,10386,2386,A02,S07,R03,Staples,21.94
105,10387,2387,A03,S02,R04,Dairy,13.04
105,10388,2388,A04,S02,R02,Bakery,39.91
105,10389,2389,A09,S02,R05,Fruits,11.24
105,10390,2390,A02,S04,R05,Vegetables,31.13
105,10391,2391,A10,S05,R05,Frozen,22.56
105,10392,2392,A04,S06,R02,Household,23.33
105,10393,2393,A10,S07,R02,Vegetables,37.82
105,10394,2394,A08,S04,R02,Frozen,37.94
105,10395,2395,A10,S03,R01,Beverages,30.7
105,10396,2396,A03,S02,R01,Snacks,28.1
105,10397,2397,A09,S06,R03,Beverages,22.74
105,10398,2398,A03,S04,R01,Bakery,5.18
105,10399,2399,A05,S06,R03,Frozen,23.83
105,10400,2400,A07,S05,R01,Dairy,28.8
105,10401,2401,A05,S05,R04,Bakery,39.94
105,10402,2402,A06,S01,R03,Fruits,28.49
105,10403,2403,A10,S07,R01,Fruits,40.2
105,10404,2404,A02,S03,R02,Bakery,37.45
105,10405,2405,A03,S05,R01,Dairy,33.29
105,10406,2406,A09,S06,R03,Personal Care,38.91
105,10407,2407,A11,S03,R05,Frozen,17.06
105,10408,2408,A12,S02,R02,Bakery,11.15
105,10409,2409,A08,S03,R01,Fruits,21.54
105,10410,2410,A06,S03,R05,Snacks,26.85
105,10411,2411,A10,S03,R01,Frozen,8.33
105,10412,2412,A03,S05,R05,Personal Care,17.59
105,10413,2413,A12,S05,R04,Household,11.34
105,10414,2414,A10,S02,R01,Snacks,4.6
105,10415,2415,A10,S06,R02,Beverages,24.53
105,10416,2416,A11,S03,R04,Bakery,9.71
105,10417,2417,A04,S02,R02,Staples,37.37
105,10418,2418,A02,S05,R04,Staples,27.59
105,10419,2419,A02,S07,R01,Dairy,10.63
105,10420,2420,A07,S07,R05,Household,36.71
105,10421,2421,A12,S03,R03,Dairy,9.27
105,10422,2422,A12,S05,R03,Household,38.81
105,10423,2423,A04,S01,R03,Staples,11.61
105,10424,2424,A06,S04,R05,Bakery,8.96
105,10425,2425,A03,S03,R02,Beverages,18.98
105,10426,2426,A09,S04,R04,Bakery,38.3
105,10427,2427,A09,S02,R03,Snacks,9.73
105,10428,2428,A03,S03,R02,Frozen,39.2
105,10429,2429,A08,S05,R01,Dairy,6.76
105,10430,2430,A08,S05,R01,Vegetables,38.14
105,10431,2431,A11,S03,R03,Frozen,17.12
105,10432,2432,A08,S04,R05,Vegetables,28.25
105,10433,2433,A12,S03,R03,Bakery,33.93
105,10434,2434,A03,S06,R01,Beverages,17.85
105,10435,2435,A04,S07,R03,Snacks,20.29
105,10436,2436,A02,S04,R04,Personal Care,20.37
105,10437,2437,A11,S04,R01,Vegetables,41.51
105,10438,2438,A08,S07,R05,Frozen,12.03
105,10439,2439,A08,S05,R02,Snacks,31.06
105,10440,2440,A03,S06,R02,Fruits,20.24
105,10441,2441,A05,S07,R02,Frozen,13.17
105,10442,2442,A10,S03,R03,Frozen,25.16
105,10443,2443,A02,S07,R01,Beverages,24.76
105,10444,2444,A05,S04,R03,Dairy,35.83
105,10445,2445,A07,S04,R02,Snacks,31.92
105,10446,2446,A06,S03,R01,Snacks,31.86
105,10447,2447,A11,S01,R02,Bakery,39.23
105,10448,2448,A07,S06,R02,Personal Care,27.84
105,10449,2449,A01,S06,R03,Staples,41.89
105,10450,2450,A05,S01,R01,Bakery,11.6
105,10451,2451,A12,S01,R01,Household,15.86
105,10452,2452,A03,S02,R04,Bakery,41.45
105,10453,2453,A03,S04,R01,Household,31.39
105,10454,2454,A01,S07,R01,Beverages,8.53
105,10455,2455,A01,S06,R02,Dairy,27.17
105,10456,2456,A03,S03,R01,Frozen,9.36
105,10457,2457,A06,S02,R03,Bakery,24.4
105,10458,2458,A03,S03,R01,Snacks,12.91
105,10459,2459,A04,S02,R02,Bakery,17.52
105,10460,2460,A11,S06,R03,Frozen,39.18
105,10461,2461,A02,S05,R04,Household,33.2
105,10462,2462,A12,S03,R04,Staples,31.68
105,10463,2463,A06,S01,R05,Beverages,25.35
105,10464,2464,A03,S02,R01,Beverages,37.25
105,10465,2465,A10,S02,R01,Personal Care,8.78
105,10466,2466,A04,S05,R02,Household,22.03
105,10467,2467,A12,S06,R04,Staples,16.54
105,10468,2468,A07,S04,R02,Dairy,8.93
105,10469,2469,A09,S06,R03,Personal Care,24.34
105,10470,2470,A12,S05,R05,Bakery,40.28
105,10471,2471,A07,S03,R05,Fruits,32.99
105,10472,2472,A02,S05,R01,Staples,38.36
105,10473,2473,A12,S03,R02,Fruits,32.47
105,10474,2474,A12,S07,R05,Household,24.19
105,10475,2475,A11,S05,R01,Beverages,17.51
105,10476,2476,A04,S01,R04,Fruits,26.59
105,10477,2477,A09,S07,R02,Vegetables,40.63
105,10478,2478,A10,S07,R02,Snacks,31.23
105,10479,2479,A06,S04,R02,Household,38.83
105,10480,2480,A10,S03,R04,Personal Care,32.53
105,10481,2481,A10,S01,R01,Frozen,41.42
105,10482,2482,A07,S02,R03,Staples,19.22
105,10483,2483,A06,S03,R05,Household,12.04
105,10484,2484,A02,S04,R02,Personal Care,19.63
105,10485,2485,A07,S02,R05,Fruits,40.87
105,10486,2486,A08,S07,R05,Beverages,6.34
105,10487,2487,A02,S05,R05,Bakery,22.62
105,10488,2488,A04,S07,R04,Vegetables,33.75
105,10489,2489,A07,S06,R05,Frozen,33.93
105,10490,2490,A02,S04,R03,Beverages,11.18
105,10491,2491,A12,S04,R03,Bakery,22.81
105,10492,2492,A03,S02,R02,Personal Care,36.2
105,10493,2493,A01,S07,R02,Frozen,33.41
105,10494,2494,A05,S02,R03,Staples,16.69
105,10495,2495,A06,S01,R01,Fruits,12.85
105,10496,2496,A05,S05,R03,Beverages,23.03
105,10497,2497,A09,S07,R05,Snacks,32.57
105,10498,2498,A08,S06,R03,Fruits,25.05
105,10499,2499,A09,S03,R05,Fruits,8.64
105,10500,2500,A07,S01,R04,Fruits,16.4
106,10001,2501,A06,S07,R03,Snacks,31.25
106,10002,2502,A06,S01,R05,Frozen,8.95
106,10003,2503,A08,S04,R02,Household,27.37
106,10004,2504,A04,S06,R05,Household,13.72
106,10005,2505,A01,S06,R02,Household,18.51
106,10006,2506,A12,S02,R03,Household,16.78
106,10007,2507,A08,S06,R01,Snacks,12.93
106,10008,2508,A11,S04,R03,Bakery,16.23
106,10009,2509,A09,S01,R04,Staples,18.1
106,10010,2510,A09,S01,R03,Beverages,23.63
106,10011,2511,A06,S06,R03,Snacks,31.21
106,10012,2512,A02,S04,R05,Vegetables,23.31
106,10013,2513,A07,S07,R04,Bakery,10.46
106,10014,2514,A05,S05,R02,Frozen,20.82
106,10015,2515,A03,S07,R01,Household,28.42
106,10016,2516,A02,S06,R02,Personal Care,21.55
106,10017,2517,A04,S01,R03,Beverages,15.4
106,10018,2518,A08,S05,R01,Staples,16.26
106,10019,2519,A03,S03,R04,Snacks,10.97
106,10020,2520,A09,S04,R03,Beverages,17.97
106,10021,2521,A05,S01,R04,Beverages,17.77
106,10022,2522,A05,S07,R03,Fruits,7.38
106,10023,2523,A09,S06,R05,Dairy,28.74
106,10024,2524,A04,S01,R01,Snacks,29.82
106,10025,2525,A05,S07,R04,Staples,14.65
106,10026,2526,A10,S03,R05,Dairy,16.74
106,10027,2527,A05,S04,R05,Staples,14.67
106,10028,2528,A03,S01,R01,Staples,11.26
106,10029,2529,A05,S05,R02,Fruits,15.86
106,10030,2530,A05,S07,R02,Personal Care,25.64
106,10031,2531,A07,S06,R03,Bakery,10.17
106,10032,2532,A05,S05,R02,Household,24.32
106,10033,2533,A11,S06,R03,Household,27.7
106,10034,2534,A10,S07,R01,Vegetables,9.36
106,10035,2535,A06,S03,R04,Dairy,21.56
106,10036,2536,A10,S02,R04,Frozen,20.69
106,10037,2537,A08,S01,R01,Beverages,19.27
106,10038,2538,A02,S01,R01,Staples,30.96
106,10039,2539,A03,S03,R04,Personal Care,16.99
106,10040,2540,A03,S03,R01,Household,25.22
106,10041,2541,A11,S01,R04,Household,22.2
106,10042,2542,A03,S02,R03,Bakery,20.4
106,10043,2543,A02,S02,R03,Vegetables,8.5
106,10044,2544,A02,S04,R05,Beverages,13.05
106,10045,2545,A06,S06,R01,Beverages,11.13
106,10046,2546,A09,S04,R02,Dairy,5.05
106,10047,2547,A06,S06,R02,Snacks,22.75
106,10048,2548,A10,S01,R04,Bakery,25.84
106,10049,2549,A09,S06,R03,Household,30.59
106,10050,2550,A08,S05,R04,Personal Care,29.68
106,10051,2551,A04,S02,R03,Frozen,28.83
106,10052,2552,A02,S06,R04,Household,9.64
106,10053,2553,A04,S07,R03,Vegetables,12.05
106,10054,2554,A03,S05,R05,Frozen,28.56
106,10055,2555,A11,S01,R02,Beverages,7.74
106,10056,2556,A04,S05,R05,Vegetables,27.85
106,10057,2557,A12,S04,R02,Frozen,24.05
106,10058,2558,A12,S01,R01,Vegetables,13.98
106,10059,2559,A12,S07,R03,Dairy,24.12
106,10060,2560,A09,S02,R04,Beverages,13.88
106,10061,2561,A09,S04,R03,Household,19.64
106,10062,2562,A03,S07,R02,Bakery,41.94
106,10063,2563,A03,S06,R01,Beverages,28.04
106,10064,2564,A09,S06,R04,Bakery,38.51
106,10065,2565,A01,S04,R05,Personal Care,36.42
106,10066,2566,A08,S07,R01,Beverages,27.67
106,10067,2567,A07,S01,R02,Vegetables,28.72
106,10068,2568,A11,S05,R04,Fruits,31.45
106,10069,2569,A11,S06,R03,Snacks,36.92
106,10070,2570,A07,S07,R02,Personal Care,25.07
106,10071,2571,A03,S06,R03,Frozen,5.65
106,10072,2572,A10,S06,R01,Beverages,8.82
106,10073,2573,A03,S02,R01,Bakery,39.97
106,10074,2574,A04,S01,R04,Staples,40.0
106,10075,2575,A07,S07,R01,Personal Care,14.9
106,10076,2576,A07,S06,R02,Household,23.18
106,10077,2577,A04,S04,R01,Dairy,30.49
106,10078,2578,A01,S03,R05,Vegetables,11.49
106,10079,2579,A05,S04,R05,Household,8.58
106,10080,2580,A11,S04,R01,Staples,17.96
106,10081,2581,A11,S06,R05,Beverages,23.84
106,10082,2582,A05,S02,R03,Staples,40.39
106,10083,2583,A10,S03,R01,Staples,32.22
106,10084,2584,A10,S02,R03,Vegetables,5.62
106,10085,2585,A10,S03,R01,Staples,33.9
106,10086,2586,A02,S01,R04,Fruits,18.33
106,10087,2587,A03,S02,R02,Fruits,15.49
106,10088,2588,A02,S02,R04,Personal Care,12.86
106,10089,2589,A11,S01,R05,Personal Care,20.23
106,10090,2590,A07,S05,R05,Bakery,16.09
106,10091,2591,A03,S04,R04,Staples,13.29
106,10092,2592,A03,S01,R04,Bakery,7.24
106,10093,2593,A05,S03,R05,Staples,24.29
106,10094,2594,A10,S03,R03,Dairy,38.28
106,10095,2595,A02,S07,R01,Household,36.13
106,10096,2596,A07,S04,R01,Household,41.36
106,10097,2597,A09,S04,R04,Household,38.54
106,10098,2598,A11,S02,R02,Personal Care,31.35
106,10099,2599,A10,S05,R05,Beverages,14.1
106,10100,2600,A03,S05,R01,Household,35.59
106,10101,2601,A05,S02,R02,Fruits,31.23
106,10102,2602,A10,S04,R01,Household,9.87
106,10103,2603,A09,S07,R03,Snacks,14.46
106,10104,2604,A10,S06,R05,Beverages,33.38
106,10105,2605,A07,S01,R02,Snacks,38.56
106,10106,2606,A11,S07,R05,Snacks,6.55
106,10107,2607,A12,S03,R04,Dairy,32.19
106,10108,2608,A01,S07,R05,Bakery,29.78
106,10109,2609,A04,S03,R02,Fruits,31.88
106,10110,2610,A10,S06,R05,Bakery,32.41
106,10111,2611,A08,S05,R03,Beverages,37.49
106,10112,2612,A03,S04,R01,Personal Care,25.97
106,10113,2613,A07,S05,R01,Personal Care,18.12
106,10114,2614,A04,S05,R05,Beverages,9.9
106,10115,2615,A04,S03,R05,Staples,29.51
106,10116,2616,A09,S05,R03,Snacks,17.14
106,10117,2617,A12,S05,R01,Dairy,23.09
106,10118,2618,A10,S07,R01,Household,34.25
106,10119,2619,A07,S03,R02,Snacks,5.6
106,10120,2620,A12,S02,R05,Personal Care,32.58
106,10121,2621,A11,S07,R03,Snacks,4.74
106,10122,2622,A02,S05,R03,Snacks,13.91
106,10123,2623,A09,S04,R03,Dairy,8.1
106,10124,2624,A01,S05,R04,Snacks,35.97
106,10125,2625,A06,S04,R01,Household,31.81
106,10126,2626,A08,S06,R03,Vegetables,25.29
106,10127,2627,A04,S02,R05,Personal Care,38.47
106,10128,2628,A09,S01,R04,Dairy,24.95
106,10129,2629,A03,S06,R04,Vegetables,22.41
106,10130,2630,A08,S02,R03,Beverages,23.85
106,10131,2631,A10,S02,R02,Frozen,17.25
106,10132,2632,A07,S07,R05,Fruits,15.11
106,10133,2633,A08,S05,R05,Fruits,16.65
106,10134,2634,A07,S03,R04,Beverages,6.82
106,10135,2635,A08,S02,R01,Frozen,35.67
106,10136,2636,A03,S06,R03,Staples,6.85
106,10137,2637,A08,S03,R04,Dairy,39.04
106,10138,2638,A09,S02,R03,Fruits,34.11
106,10139,2639,A05,S06,R04,Staples,21.34
106,10140,2640,A09,S01,R04,Dairy,28.06
106,10141,2641,A07,S06,R05,Staples,9.42
106,10142,2642,A10,S03,R05,Fruits,40.45
106,10143,2643,A09,S02,R04,Frozen,11.66
106,10144,2644,A06,S02,R01,Fruits,32.24
106,10145,2645,A04,S03,R04,Beverages,4.93
106,10146,2646,A04,S07,R03,Personal Care,8.77
106,10147,2647,A04,S02,R02,Bakery,12.77
106,10148,2648,A09,S03,R03,Snacks,20.7
106,10149,2649,A08,S03,R05,Snacks,34.43
106,10150,2650,A08,S04,R01,Household,34.66
106,10151,2651,A04,S06,R05,Frozen,20.74
106,10152,2652,A08,S06,R04,Personal Care,24.46
106,10153,2653,A09,S01,R04,Beverages,5.59
106,10154,2654,A09,S02,R03,Beverages,39.32
106,10155,2655,A06,S05,R01,Beverages,12.28
106,10156,2656,A08,S01,R04,Staples,5.1
106,10157,2657,A11,S06,R02,Vegetables,40.87
106,10158,2658,A11,S04,R03,Bakery,38.33
106,10159,2659,A08,S03,R03,Vegetables,34.23
106,10160,2660,A10,S05,R04,Dairy,28.09
106,10161,2661,A03,S05,R04,Bakery,17.4
106,10162,2662,A10,S01,R03,Dairy,30.48
106,10163,2663,A05,S07,R02,Household,5.07
106,10164,2664,A06,S04,R02,Household,26.19
106,10165,2665,A08,S02,R04,Personal Care,11.39
106,10166,2666,A12,S03,R02,Beverages,24.45
106,10167,2667,A05,S06,R04,Household,24.92
106,10168,2668,A07,S04,R05,Bakery,13.99
106,10169,2669,A02,S01,R01,Frozen,41.13
106,10170,2670,A09,S03,R02,Snacks,35.49
106,10171,2671,A09,S03,R03,Frozen,18.51
106,10172,2672,A05,S01,R05,Bakery,30.05
106,10173,2673,A08,S05,R01,Beverages,17.04
106,10174,2674,A10,S04,R02,Personal Care,13.07
106,10175,2675,A07,S01,R01,Beverages,19.63
106,10176,2676,A06,S01,R03,Beverages,40.36
106,10177,2677,A05,S05,R01,Bakery,22.91
106,10178,2678,A03,S02,R05,Vegetables,39.4
106,10179,2679,A05,S03,R04,Fruits,32.67
106,10180,2680,A10,S01,R03,Vegetables,41.69
106,10181,2681,A02,S01,R01,Personal Care,31.81
106,10182,2682,A12,S01,R03,Personal Care,8.94
106,10183,2683,A07,S07,R05,Personal Care,13.34
106,10184,2684,A03,S02,R05,Vegetables,30.66
106,10185,2685,A07,S04,R04,Frozen,17.76
106,10186,2686,A07,S07,R04,Dairy,21.19
106,10187,2687,A05,S01,R02,Vegetables,32.91
106,10188,2688,A11,S01,R02,Bakery,17.33
106,10189,2689,A02,S05,R01,Vegetables,17.43
106,10190,2690,A08,S07,R01,Frozen,5.92
106,10191,2691,A12,S04,R05,Vegetables,34.31
106,10192,2692,A06,S03,R01,Frozen,28.13
106,10193,2693,A02,S02,R04,Beverages,32.59
106,10194,2694,A12,S02,R02,Personal Care,13.71
106,10195,2695,A02,S07,R02,Beverages,17.97
106,10196,2696,A11,S02,R04,Fruits,20.89
106,10197,2697,A03,S01,R05,Household,12.56
106,10198,2698,A04,S02,R05,Frozen,24.06
106,10199,2699,A03,S06,R01,Fruits,20.14
106,10200,2700,A11,S04,R01,Household,20.84
106,10201,2701,A05,S04,R05,Fruits,12.83
106,10202,2702,A04,S02,R02,Household,34.54
106,10203,2703,A09,S05,R02,Household,9.12
106,10204,2704,A09,S04,R04,Beverages,27.98
106,10205,2705,A03,S02,R01,Household,23.17
106,10206,2706,A04,S02,R05,Fruits,5.44
106,10207,2707,A12,S07,R01,Dairy,16.46
106,10208,2708,A06,S06,R04,Dairy,15.98
106,10209,2709,A06,S04,R01,Beverages,20.75
106,10210,2710,A11,S07,R05,Frozen,30.91
106,10211,2711,A12,S02,R04,Bakery,31.67
106,10212,2712,A12,S07,R01,Beverages,11.28
106,10213,2713,A05,S03,R01,Household,25.36
106,10214,2714,A09,S05,R03,Fruits,14.02
106,10215,2715,A06,S05,R01,Household,15.58
106,10216,2716,A08,S05,R04,Vegetables,18.43
106,10217,2717,A06,S05,R01,Staples,7.33
106,10218,2718,A04,S01,R05,Snacks,14.87
106,10219,2719,A04,S06,R01,Snacks,16.38
106,10220,2720,A04,S04,R05,Bakery,12.94
106,10221,2721,A06,S04,R04,Beverages,27.72
106,10222,2722,A04,S02,R01,Staples,16.31
106,10223,2723,A12,S05,R01,Dairy,25.36
106,10224,2724,A10,S06,R05,Household,7.64
106,10225,2725,A09,S06,R03,Beverages,6.97
106,10226,2726,A04,S06,R02,Household,24.11
106,10227,2727,A12,S04,R05,Personal Care,16.79
106,10228,2728,A12,S03,R04,Beverages,39.15
106,10229,2729,A10,S03,R03,Vegetables,39.88
106,10230,2730,A01,S07,R01,Personal Care,33.69
106,10231,2731,A02,S03,R05,Bakery,27.87
106,10232,2732,A08,S06,R05,Snacks,10.19
106,10233,2733,A01,S02,R01,Dairy,29.44
106,10234,2734,A01,S03,R02,Personal Care,31.89
106,10235,2735,A06,S04,R03,Personal Care,39.11
106,10236,2736,A02,S06,R02,Dairy,37.92
106,10237,2737,A04,S04,R01,Household,32.77
106,10238,2738,A09,S02,R01,Beverages,29.58
106,10239,2739,A06,S05,R05,Household,31.91
106,10240,2740,A09,S07,R03,Dairy,29.44
106,10241,2741,A09,S06,R05,Bakery,39.6
106,10242,2742,A12,S06,R02,Beverages,37.26
106,10243,2743,A12,S01,R01,Bakery,37.26
106,10244,2744,A01,S05,R03,Vegetables,4.77
106,10245,2745,A11,S06,R04,Personal Care,41.67
106,10246,2746,A01,S04,R04,Bakery,16.45
106,10247,2747,A01,S02,R01,Personal Care,30.49
106,10248,2748,A12,S06,R02,Bakery,5.11
106,10249,2749,A08,S05,R04,Bakery,26.29
106,10250,2750,A05,S06,R05,Snacks,34.35
106,10251,2751,A12,S06,R01,Household,16.58
106,10252,2752,A05,S02,R02,Bakery,24.85
106,10253,2753,A03,S06,R03,Fruits,14.75
106,10254,2754,A07,S05,R04,Frozen,25.53
106,10255,2755,A03,S07,R03,Frozen,27.59
106,10256,2756,A04,S04,R04,Snacks,4.86
106,10257,2757,A07,S04,R02,Beverages,21.7
106,10258,2758,A03,S07,R02,Vegetables,14.97
106,10259,2759,A05,S05,R03,Personal Care,16.47
106,10260,2760,A07,S07,R05,Snacks,26.31
106,10261,2761,A01,S05,R04,Fruits,37.62
106,10262,2762,A11,S02,R02,Dairy,7.33
106,10263,2763,A04,S01,R02,Bakery,15.72
106,10264,2764,A03,S07,R03,Frozen,15.57
106,10265,2765,A07,S06,R01,Beverages,38.22
106,10266,2766,A04,S06,R04,Beverages,40.99
106,10267,2767,A04,S06,R05,Beverages,23.31
106,10268,2768,A06,S05,R02,Household,39.13
106,10269,2769,A05,S05,R01,Dairy,10.4
106,10270,2770,A02,S07,R03,Dairy,15.48
106,10271,2771,A10,S06,R01,Fruits,24.85
106,10272,2772,A02,S05,R04,Beverages,16.07
106,10273,2773,A06,S07,R03,Personal Care,35.17
106,10274,2774,A01,S02,R03,Beverages,37.44
106,10275,2775,A08,S03,R05,Beverages,33.07
106,10276,2776,A10,S03,R02,Frozen,19.53
106,10277,2777,A08,S05,R02,Bakery,20.85
106,10278,2778,A05,S03,R02,Snacks,11.5
106,10279,2779,A09,S04,R04,Snacks,24.77
106,10280,2780,A08,S07,R05,Beverages,18.19
106,10281,2781,A01,S05,R05,Staples,5.03
106,10282,2782,A03,S04,R01,Fruits,32.66
106,10283,2783,A06,S03,R01,Frozen,5.94
106,10284,2784,A02,S02,R02,Vegetables,41.28
106,10285,2785,A12,S05,R03,Snacks,29.93
106,10286,2786,A06,S02,R02,Snacks,38.52
106,10287,2787,A08,S01,R04,Staples,28.64
106,10288,2788,A01,S04,R04,Beverages,41.5
106,10289,2789,A02,S04,R04,Fruits,35.59
106,10290,2790,A07,S01,R05,Dairy,8.19
106,10291,2791,A01,S06,R04,Vegetables,20.84
106,10292,2792,A02,S06,R04,Staples,6.22
106,10293,2793,A11,S04,R01,Dairy,39.4
106,10294,2794,A09,S01,R04,Staples,7.83
106,10295,2795,A12,S03,R02,Snacks,15.79
106,10296,2796,A10,S07,R05,Bakery,16.51
106,10297,2797,A07,S03,R04,Vegetables,11.48
106,10298,2798,A06,S04,R04,Snacks,19.59
106,10299,2799,A11,S05,R05,Vegetables,40.83
106,10300,2800,A12,S02,R04,Bakery,9.93
106,10301,2801,A05,S05,R01,Personal Care,27.45
106,10302,2802,A12,S03,R05,Personal Care,17.94
106,10303,2803,A12,S07,R01,Bakery,40.34
106,10304,2804,A06,S01,R02,Fruits,32.73
106,10305,2805,A11,S07,R05,Fruits,36.36
106,10306,2806,A08,S07,R03,Personal Care,29.07
106,10307,2807,A02,S07,R05,Household,10.06
106,10308,2808,A12,S02,R03,Household,14.95
106,10309,2809,A02,S01,R02,Frozen,30.9
106,10310,2810,A12,S05,R04,Household,23.52
106,10311,2811,A01,S04,R04,Vegetables,22.46
106,10312,2812,A05,S06,R05,Bakery,5.31
106,10313,2813,A03,S03,R02,Personal Care,19.61
106,10314,2814,A06,S05,R01,Frozen,13.86
106,10315,2815,A11,S03,R03,Frozen,6.27
106,10316,2816,A08,S07,R01,Fruits,36.05
106,10317,2817,A07,S06,R05,Fruits,41.03
106,10318,2818,A09,S06,R02,Dairy,20.85
106,10319,2819,A07,S05,R05,Bakery,16.4
106,10320,2820,A08,S03,R03,Snacks,9.5
106,10321,2821,A04,S06,R04,Snacks,6.9
106,10322,2822,A04,S07,R05,Vegetables,34.68
106,10323,2823,A12,S06,R01,Vegetables,6.44
106,10324,2824,A07,S04,R04,Staples,19.34
106,10325,2825,A12,S05,R03,Beverages,34.2
106,10326,2826,A02,S07,R02,Staples,29.83
106,10327,2827,A10,S04,R04,Frozen,22.48
106,10328,2828,A05,S07,R04,Vegetables,31.77
106,10329,2829,A11,S06,R04,Fruits,12.74
106,10330,2830,A10,S01,R04,Frozen,17.88
106,10331,2831,A08,S01,R04,Personal Care,36.05
106,10332,2832,A09,S04,R01,Fruits,10.34
106,10333,2833,A10,S02,R01,Personal Care,13.93
106,10334,2834,A12,S01,R02,Snacks,23.18
106,10335,2835,A02,S01,R05,Frozen,22.13
106,10336,2836,A02,S05,R03,Fruits,6.2
106,10337,2837,A12,S05,R01,Frozen,26.5
106,10338,2838,A06,S04,R01,Frozen,31.7
106,10339,2839,A07,S06,R03,Bakery,23.55
106,10340,2840,A07,S06,R02,Bakery,4.76
106,10341,2841,A08,S04,R04,Snacks,28.04
106,10342,2842,A09,S06,R05,Dairy,33.66
106,10343,2843,A10,S03,R02,Fruits,15.52
106,10344,2844,A10,S07,R01,Beverages,30.66
106,10345,2845,A11,S02,R02,Frozen,14.63
106,10346,2846,A06,S01,R04,Frozen,30.82
106,10347,2847,A12,S02,R01,Bakery,30.8
106,10348,2848,A11,S04,R04,Staples,35.79
106,10349,2849,A11,S05,R01,Dairy,23.53
106,10350,2850,A06,S06,R01,Household,27.33
106,10351,2851,A06,S02,R01,Staples,12.76
106,10352,2852,A12,S02,R03,Staples,27.94
106,10353,2853,A06,S03,R04,Fruits,6.34
106,10354,2854,A04,S02,R02,Staples,8.24
106,10355,2855,A04,S03,R03,Bakery,36.59
106,10356,2856,A11,S03,R01,Snacks,25.38
106,10357,2857,A04,S02,R01,Beverages,31.81
106,10358,2858,A03,S01,R04,Vegetables,25.01
106,10359,2859,A12,S01,R05,Dairy,39.3
106,10360,2860,A08,S05,R01,Household,41.4
106,10361,2861,A02,S01,R03,Vegetables,31.27
106,10362,2862,A04,S02,R02,Personal Care,22.92
106,10363,2863,A12,S04,R03,Beverages,28.06
106,10364,2864,A12,S01,R02,Vegetables,35.55
106,10365,2865,A10,S04,R01,Staples,31.83
106,10366,2866,A12,S05,R04,Dairy,5.17
106,10367,2867,A05,S06,R03,Household,25.12
106,10368,2868,A07,S05,R05,Household,32.76
106,10369,2869,A01,S04,R02,Vegetables,23.34
106,10370,2870,A12,S02,R04,Fruits,9.19
106,10371,2871,A06,S06,R01,Dairy,32.07
106,10372,2872,A12,S07,R01,Frozen,27.65
106,10373,2873,A12,S02,R03,Frozen,34.33
106,10374,2874,A11,S02,R03,Fruits,13.87
106,10375,2875,A07,S02,R04,Dairy,7.81
106,10376,2876,A02,S07,R04,Bakery,33.07
106,10377,2877,A10,S07,R03,Dairy,30.18
106,10378,2878,A07,S01,R01,Staples,32.78
106,10379,2879,A06,S04,R03,Staples,31.47
106,10380,2880,A03,S04,R05,Bakery,35.46
106,10381,2881,A08,S07,R03,Household,5.95
106,10382,2882,A11,S06,R04,Bakery,26.13
106,10383,2883,A02,S06,R04,Vegetables,31.34
106,10384,2884,A07,S06,R03,Snacks,24.02
106,10385,2885,A10,S02,R05,Household,29.32
106,10386,2886,A09,S06,R01,Staples,17.15
106,10387,2887,A12,S04,R04,Dairy,41.97
106,10388,2888,A04,S06,R03,Bakery,34.02
106,10389,2889,A03,S05,R04,Fruits,34.51
106,10390,2890,A10,S06,R01,Vegetables,20.45
106,10391,2891,A11,S05,R01,Frozen,5.11
106,10392,2892,A06,S04,R02,Household,40.58
106,10393,2893,A04,S04,R05,Vegetables,25.58
106,10394,2894,A04,S06,R05,Frozen,28.18
106,10395,2895,A09,S02,R05,Beverages,7.7
106,10396,2896,A02,S05,R04,Snacks,38.8
106,10397,2897,A09,S01,R02,Beverages,29.2
106,10398,2898,A09,S02,R03,Bakery,39.12
106,10399,2899,A12,S06,R03,Frozen,21.86
106,10400,2900,A11,S04,R05,Dairy,33.77
106,10401,2901,A07,S04,R02,Bakery,23.36
106,10402,2902,A02,S01,R01,Fruits,40.85
106,10403,2903,A10,S06,R03,Fruits,10.31
106,10404,2904,A04,S04,R01,Bakery,35.94
106,10405,2905,A03,S01,R02,Dairy,39.11
106,10406,2906,A03,S02,R01,Personal Care,28.53
106,10407,2907,A08,S02,R01,Frozen,10.88
106,10408,2908,A10,S06,R02,Bakery,19.36
106,10409,2909,A11,S02,R03,Fruits,34.59
106,10410,2910,A12,S07,R02,Snacks,23.58
106,10411,2911,A02,S02,R03,Frozen,41.21
106,10412,2912,A02,S02,R03,Personal Care,16.46
106,10413,2913,A06,S06,R01,Household,27.36
106,10414,2914,A07,S07,R01,Snacks,5.85
106,10415,2915,A09,S06,R02,Beverages,14.36
106,10416,2916,A05,S05,R02,Bakery,17.1
106,10417,2917,A08,S07,R03,Staples,11.93
106,10418,2918,A06,S03,R04,Staples,28.77
106,10419,2919,A04,S03,R04,Dairy,36.41
106,10420,2920,A03,S05,R02,Household,28.6
106,10421,2921,A12,S05,R02,Dairy,20.36
106,10422,2922,A09,S02,R03,Household,34.94
106,10423,2923,A12,S07,R02,Staples,34.37
106,10424,2924,A05,S04,R02,Bakery,7.75
106,10425,2925,A03,S05,R01,Beverages,27.93
106,10426,2926,A05,S06,R05,Bakery,12.49
106,10427,2927,A03,S05,R03,Snacks,25.29
106,10428,2928,A02,S02,R05,Frozen,25.23
106,10429,2929,A12,S07,R04,Dairy,27.06
106,10430,2930,A06,S07,R01,Vegetables,32.13
106,10431,2931,A07,S05,R01,Frozen,41.92
106,10432,2932,A11,S06,R01,Vegetables,18.37
106,10433,2933,A09,S05,R05,Bakery,35.78
106,10434,2934,A07,S06,R04,Beverages,19.62
106,10435,2935,A01,S04,R05,Snacks,40.84
106,10436,2936,A09,S02,R01,Personal Care,12.56
106,10437,2937,A07,S02,R02,Vegetables,28.01
106,10438,2938,A12,S07,R04,Frozen,12.8
106,10439,2939,A10,S03,R05,Snacks,34.88
106,10440,2940,A10,S03,R01,Fruits,25.31
106,10441,2941,A01,S07,R04,Frozen,13.15
106,10442,2942,A10,S04,R03,Frozen,21.51
106,10443,2943,A01,S04,R02,Beverages,7.13
106,10444,2944,A02,S02,R04,Dairy,27.64
106,10445,2945,A06,S06,R04,Snacks,13.85
106,10446,2946,A10,S04,R04,Snacks,8.96
106,10447,2947,A02,S06,R01,Bakery,31.62
106,10448,2948,A02,S05,R04,Personal Care,7.16
106,10449,2949,A05,S01,R05,Staples,26.54
106,10450,2950,A06,S03,R04,Bakery,36.26
106,10451,2951,A10,S05,R01,Household,32.88
106,10452,2952,A02,S06,R04,Bakery,14.92
106,10453,2953,A03,S05,R03,Household,18.89
106,10454,2954,A10,S01,R02,Beverages,4.2
106,10455,2955,A05,S07,R04,Dairy,12.67
106,10456,2956,A12,S01,R01,Frozen,24.26
106,10457,2957,A03,S02,R05,Bakery,29.47
106,10458,2958,A04,S03,R05,Snacks,14.9
106,10459,2959,A07,S01,R05,Bakery,18.65
106,10460,2960,A10,S03,R02,Frozen,30.86
106,10461,2961,A05,S07,R04,Household,22.6
106,10462,2962,A02,S02,R01,Staples,29.67
106,10463,2963,A06,S05,R01,Beverages,13.74
106,10464,2964,A07,S07,R04,Beverages,12.19
106,10465,2965,A08,S02,R05,Personal Care,28.58
106,10466,2966,A06,S03,R03,Household,16.86
106,10467,2967,A02,S05,R02,Staples,35.64
106,10468,2968,A03,S01,R04,Dairy,14.52
106,10469,2969,A09,S07,R01,Personal Care,13.07
106,10470,2970,A08,S04,R02,Bakery,9.49
106,10471,2971,A08,S02,R01,Fruits,6.41
106,10472,2972,A06,S04,R05,Staples,22.43
106,10473,2973,A11,S01,R03,Fruits,12.02
106,10474,2974,A06,S03,R01,Household,22.0
106,10475,2975,A08,S06,R03,Beverages,12.0
106,10476,2976,A07,S01,R02,Fruits,24.33
106,10477,2977,A04,S05,R03,Vegetables,8.2
106,10478,2978,A05,S01,R05,Snacks,17.9
106,10479,2979,A07,S07,R01,Household,41.29
106,10480,2980,A07,S02,R01,Personal Care,18.73
106,10481,2981,A10,S04,R04,Frozen,35.75
106,10482,2982,A01,S04,R04,Staples,13.45
106,10483,2983,A07,S05,R01,Household,25.12
106,10484,2984,A06,S04,R01,Personal Care,24.02
106,10485,2985,A12,S05,R05,Fruits,31.82
106,10486,2986,A12,S06,R01,Beverages,6.75
106,10487,2987,A09,S05,R01,Bakery,4.31
106,10488,2988,A07,S03,R05,Vegetables,24.68
106,10489,2989,A03,S06,R04,Frozen,19.24
106,10490,2990,A12,S01,R01,Beverages,21.9
106,10491,2991,A06,S07,R04,Bakery,20.15
106,10492,2992,A03,S05,R01,Personal Care,6.71
106,10493,2993,A08,S05,R02,Frozen,31.04
106,10494,2994,A06,S05,R04,Staples,32.65
106,10495,2995,A07,S03,R05,Fruits,7.99
106,10496,2996,A01,S01,R01,Beverages,17.53
106,10497,2997,A08,S02,R04,Snacks,7.03
106,10498,2998,A05,S01,R02,Fruits,26.8
106,10499,2999,A08,S05,R05,Fruits,41.08
106,10500,3000,A11,S01,R04,Fruits,5.3
107,10001,3001,A12,S01,R02,Snacks,7.43
107,10002,3002,A06,S05,R02,Frozen,12.11
107,10003,3003,A02,S03,R01,Household,9.75
107,10004,3004,A08,S07,R01,Household,20.87
107,10005,3005,A11,S05,R02,Household,8.8
107,10006,3006,A01,S01,R01,Household,7.43
107,10007,3007,A03,S05,R05,Snacks,25.01
107,10008,3008,A07,S01,R01,Bakery,24.43
107,10009,3009,A09,S06,R05,Staples,26.44
107,10010,3010,A11,S04,R05,Beverages,25.35
107,10011,3011,A08,S06,R04,Snacks,24.97
107,10012,3012,A04,S05,R04,Vegetables,5.48
107,10013,3013,A02,S07,R03,Bakery,10.94
107,10014,3014,A06,S07,R03,Frozen,19.23
107,10015,3015,A12,S04,R03,Household,26.44
107,10016,3016,A12,S04,R01,Personal Care,14.16
107,10017,3017,A08,S03,R05,Beverages,19.23
107,10018,3018,A09,S01,R05,Staples,8.48
107,10019,3019,A10,S01,R02,Snacks,12.71
107,10020,3020,A07,S07,R03,Beverages,8.45
107,10021,3021,A08,S07,R03,Beverages,24.41
107,10022,3022,A06,S06,R02,Fruits,25.14
107,10023,3023,A12,S07,R02,Dairy,7.9
107,10024,3024,A07,S01,R01,Snacks,15.67
107,10025,3025,A11,S06,R04,Staples,26.75
107,10026,3026,A06,S01,R04,Dairy,19.97
107,10027,3027,A02,S01,R03,Staples,10.43
107,10028,3028,A02,S02,R05,Staples,11.57
107,10029,3029,A07,S07,R02,Fruits,8.76
107,10030,3030,A07,S02,R02,Personal Care,26.83
107,10031,3031,A05,S06,R04,Bakery,18.78
107,10032,3032,A12,S01,R02,Household,8.46
107,10033,3033,A06,S06,R05,Household,25.97
107,10034,3034,A03,S07,R02,Vegetables,5.45
107,10035,3035,A09,S05,R03,Dairy,12.53
107,10036,3036,A06,S04,R05,Frozen,10.4
107,10037,3037,A06,S07,R03,Beverages,6.06
107,10038,3038,A08,S01,R03,Staples,14.9
107,10039,3039,A07,S06,R04,Personal Care,30.14
107,10040,3040,A07,S02,R03,Household,6.69
107,10041,3041,A08,S06,R02,Household,15.44
107,10042,3042,A06,S02,R03,Bakery,7.51
107,10043,3043,A03,S03,R01,Vegetables,14.24
107,10044,3044,A08,S01,R02,Beverages,15.99
107,10045,3045,A06,S02,R03,Beverages,21.74
107,10046,3046,A11,S06,R02,Dairy,12.87
107,10047,3047,A12,S01,R01,Snacks,21.11
107,10048,3048,A05,S05,R01,Bakery,20.05
107,10049,3049,A02,S02,R05,Household,15.59
107,10050,3050,A12,S01,R05,Personal Care,19.51
107,10051,3051,A04,S06,R01,Frozen,23.11
107,10052,3052,A11,S02,R04,Household,14.23
107,10053,3053,A12,S06,R03,Vegetables,11.24
107,10054,3054,A02,S03,R02,Frozen,24.43
107,10055,3055,A10,S01,R03,Beverages,10.72
107,10056,3056,A09,S02,R01,Vegetables,5.68
107,10057,3057,A12,S01,R04,Frozen,16.18
107,10058,3058,A06,S05,R02,Vegetables,29.18
107,10059,3059,A11,S01,R03,Dairy,6.52
107,10060,3060,A04,S02,R04,Beverages,21.71
107,10061,3061,A08,S05,R01,Household,23.76
107,10062,3062,A11,S04,R03,Bakery,5.82
107,10063,3063,A02,S05,R01,Beverages,19.44
107,10064,3064,A05,S01,R03,Bakery,37.06
107,10065,3065,A08,S01,R01,Personal Care,26.5
107,10066,3066,A06,S02,R01,Beverages,37.38
107,10067,3067,A01,S06,R05,Vegetables,36.78
107,10068,3068,A02,S07,R05,Fruits,13.23
107,10069,3069,A02,S03,R02,Snacks,23.22
107,10070,3070,A08,S07,R04,Personal Care,41.53
107,10071,3071,A09,S06,R02,Frozen,20.29
107,10072,3072,A08,S06,R04,Beverages,22.16
107,10073,3073,A06,S04,R01,Bakery,22.73
107,10074,3074,A12,S02,R04,Staples,28.32
107,10075,3075,A03,S05,R05,Personal Care,38.73
107,10076,3076,A06,S04,R05,Household,34.88
107,10077,3077,A12,S07,R02,Dairy,26.6
107,10078,3078,A09,S02,R05,Vegetables,4.15
107,10079,3079,A09,S04,R03,Household,29.57
107,10080,3080,A06,S03,R02,Staples,9.2
107,10081,3081,A07,S01,R01,Beverages,16.23
107,10082,3082,A08,S02,R01,Staples,25.49
107,10083,3083,A10,S02,R02,Staples,10.21
107,10084,3084,A04,S05,R03,Vegetables,39.71
107,10085,3085,A09,S06,R01,Staples,41.32
107,10086,3086,A10,S04,R01,Fruits,17.42
107,10087,3087,A11,S04,R01,Fruits,37.3
107,10088,3088,A11,S05,R01,Personal Care,39.22
107,10089,3089,A02,S03,R03,Personal Care,4.15
107,10090,3090,A10,S02,R03,Bakery,4.05
107,10091,3091,A10,S02,R02,Staples,18.33
107,10092,3092,A03,S04,R03,Bakery,33.34
107,10093,3093,A10,S06,R05,Staples,17.05
107,10094,3094,A03,S07,R03,Dairy,8.36
107,10095,3095,A10,S06,R05,Household,12.5
107,10096,3096,A02,S01,R04,Household,31.1
107,10097,3097,A05,S06,R03,Household,9.33
107,10098,3098,A04,S05,R04,Personal Care,10.98
107,10099,3099,A01,S03,R05,Beverages,15.73
107,10100,3100,A09,S07,R03,Household,14.34
107,10101,3101,A10,S05,R01,Fruits,32.34
107,10102,3102,A01,S02,R04,Household,9.12
107,10103,3103,A09,S01,R03,Snacks,35.02
107,10104,3104,A09,S03,R01,Beverages,13.15
107,10105,3105,A04,S07,R03,Snacks,16.18
107,10106,3106,A02,S06,R04,Snacks,25.03
107,10107,3107,A06,S06,R01,Dairy,16.98
107,10108,3108,A07,S03,R01,Bakery,6.16
107,10109,3109,A10,S02,R01,Fruits,9.63
107,10110,3110,A12,S06,R01,Bakery,8.52
107,10111,3111,A04,S03,R05,Beverages,31.03
107,10112,3112,A10,S05,R03,Personal Care,15.04
107,10113,3113,A08,S02,R02,Personal Care,18.59
107,10114,3114,A04,S01,R05,Beverages,21.77
107,10115,3115,A08,S02,R04,Staples,12.42
107,10116,3116,A02,S06,R04,Snacks,32.55
107,10117,3117,A03,S03,R04,Dairy,16.48
107,10118,3118,A09,S03,R05,Household,28.54
107,10119,3119,A02,S05,R05,Snacks,31.36
107,10120,3120,A05,S03,R01,Personal Care,38.93
107,10121,3121,A09,S05,R02,Snacks,25.68
107,10122,3122,A11,S02,R03,Snacks,27.8
107,10123,3123,A03,S02,R01,Dairy,41.29
107,10124,3124,A04,S04,R02,Snacks,31.98
107,10125,3125,A07,S03,R04,Household,10.08
107,10126,3126,A01,S01,R04,Vegetables,26.06
107,10127,3127,A11,S07,R01,Personal Care,18.94
107,10128,3128,A02,S04,R02,Dairy,12.61
107,10129,3129,A11,S01,R04,Vegetables,33.28
107,10130,3130,A04,S02,R05,Beverages,16.71
107,10131,3131,A06,S01,R05,Frozen,13.42
107,10132,3132,A01,S01,R05,Fruits,40.37
107,10133,3133,A09,S02,R03,Fruits,23.49
107,10134,3134,A07,S05,R02,Beverages,7.81
107,10135,3135,A12,S06,R04,Frozen,23.75
107,10136,3136,A12,S04,R03,Staples,11.94
107,10137,3137,A05,S05,R05,Dairy,13.92
107,10138,3138,A12,S04,R03,Fruits,10.28
107,10139,3139,A11,S02,R05,Staples,35.58
107,10140,3140,A11,S02,R03,Dairy,31.03
107,10141,3141,A05,S07,R03,Staples,6.45
107,10142,3142,A04,S04,R01,Fruits,9.82
107,10143,3143,A08,S07,R03,Frozen,17.53
107,10144,3144,A06,S02,R05,Fruits,18.92
107,10145,3145,A07,S01,R02,Beverages,5.32
107,10146,3146,A06,S04,R02,Personal Care,28.07
107,10147,3147,A06,S06,R02,Bakery,37.35
107,10148,3148,A03,S03,R03,Snacks,35.15
107,10149,3149,A08,S04,R01,Snacks,7.3
107,10150,3150,A02,S04,R05,Household,31.65
107,10151,3151,A10,S06,R01,Frozen,27.17
107,10152,3152,A03,S01,R03,Personal Care,8.21
107,10153,3153,A05,S05,R04,Beverages,33.03
107,10154,3154,A12,S02,R03,Beverages,26.09
107,10155,3155,A03,S04,R05,Beverages,14.46
107,10156,3156,A04,S06,R03,Staples,22.89
107,10157,3157,A05,S04,R03,Vegetables,34.19
107,10158,3158,A06,S02,R04,Bakery,41.01
107,10159,3159,A06,S04,R04,Vegetables,5.49
107,10160,3160,A06,S06,R04,Dairy,7.98
107,10161,3161,A06,S06,R03,Bakery,6.7
107,10162,3162,A03,S04,R02,Dairy,6.22
107,10163,3163,A05,S07,R05,Household,15.0
107,10164,3164,A11,S02,R01,Household,38.87
107,10165,3165,A08,S06,R01,Personal Care,40.83
107,10166,3166,A03,S05,R02,Beverages,27.26
107,10167,3167,A03,S06,R03,Household,38.14
107,10168,3168,A03,S05,R02,Bakery,5.95
107,10169,3169,A07,S05,R02,Frozen,37.87
107,10170,3170,A09,S03,R04,Snacks,9.59
107,10171,3171,A08,S01,R04,Frozen,32.45
107,10172,3172,A11,S01,R05,Bakery,4.96
107,10173,3173,A11,S01,R04,Beverages,34.11
107,10174,3174,A03,S04,R01,Personal Care,27.09
107,10175,3175,A01,S07,R01,Beverages,14.53
107,10176,3176,A02,S07,R02,Beverages,8.81
107,10177,3177,A01,S05,R01,Bakery,35.01
107,10178,3178,A05,S05,R01,Vegetables,38.64
107,10179,3179,A02,S01,R05,Fruits,8.4
107,10180,3180,A06,S06,R03,Vegetables,29.53
107,10181,3181,A02,S07,R01,Personal Care,26.32
107,10182,3182,A06,S02,R03,Personal Care,24.99
107,10183,3183,A01,S05,R01,Personal Care,39.75
107,10184,3184,A05,S01,R04,Vegetables,39.26
107,10185,3185,A10,S02,R03,Frozen,28.2
107,10186,3186,A07,S03,R05,Dairy,9.61
107,10187,3187,A12,S03,R02,Vegetables,18.52
107,10188,3188,A11,S05,R05,Bakery,5.55
107,10189,3189,A08,S05,R03,Vegetables,25.12
107,10190,3190,A11,S01,R05,Frozen,22.98
107,10191,3191,A05,S06,R03,Vegetables,28.05
107,10192,3192,A06,S03,R04,Frozen,40.18
107,10193,3193,A07,S02,R02,Beverages,12.16
107,10194,3194,A11,S01,R05,Personal Care,5.63
107,10195,3195,A06,S06,R02,Beverages,6.2
107,10196,3196,A07,S02,R01,Fruits,29.04
107,10197,3197,A09,S03,R04,Household,36.9
107,10198,3198,A04,S04,R02,Frozen,35.75
107,10199,3199,A08,S07,R04,Fruits,17.78
107,10200,3200,A07,S03,R05,Household,21.1
107,10201,3201,A01,S01,R01,Fruits,8.71
107,10202,3202,A12,S02,R02,Household,6.0
107,10203,3203,A09,S06,R01,Household,17.44
107,10204,3204,A07,S06,R04,Beverages,33.03
107,10205,3205,A12,S07,R05,Household,31.45
107,10206,3206,A07,S07,R04,Fruits,27.36
107,10207,3207,A05,S02,R01,Dairy,24.11
107,10208,3208,A10,S07,R04,Dairy,20.46
107,10209,3209,A04,S01,R05,Beverages,8.22
107,10210,3210,A09,S04,R01,Frozen,35.99
107,10211,3211,A02,S04,R03,Bakery,41.95
107,10212,3212,A02,S03,R01,Beverages,18.88
107,10213,3213,A01,S07,R03,Household,23.99
107,10214,3214,A11,S05,R02,Fruits,13.48
107,10215,3215,A10,S03,R02,Household,4.0
107,10216,3216,A11,S06,R01,Vegetables,27.02
107,10217,3217,A02,S03,R03,Staples,4.67
107,10218,3218,A12,S02,R03,Snacks,23.78
107,10219,3219,A04,S01,R01,Snacks,32.95
107,10220,3220,A05,S05,R02,Bakery,29.87
107,10221,3221,A04,S06,R04,Beverages,37.58
107,10222,3222,A11,S04,R05,Staples,15.71
107,10223,3223,A11,S07,R04,Dairy,13.11
107,10224,3224,A07,S01,R05,Household,25.81
107,10225,3225,A09,S07,R03,Beverages,18.21
107,10226,3226,A01,S02,R05,Household,38.65
107,10227,3227,A03,S03,R03,Personal Care,4.55
107,10228,3228,A10,S01,R03,Beverages,14.95
107,10229,3229,A02,S01,R02,Vegetables,7.16
107,10230,3230,A05,S07,R03,Personal Care,22.35
107,10231,3231,A04,S07,R01,Bakery,27.75
107,10232,3232,A07,S03,R03,Snacks,16.88
107,10233,3233,A01,S04,R03,Dairy,8.0
107,10234,3234,A12,S04,R03,Personal Care,14.21
107,10235,3235,A04,S02,R03,Personal Care,27.23
107,10236,3236,A11,S07,R02,Dairy,14.39
107,10237,3237,A04,S03,R03,Household,12.31
107,10238,3238,A12,S04,R05,Beverages,19.13
107,10239,3239,A03,S06,R04,Household,21.09
107,10240,3240,A08,S07,R05,Dairy,31.53
107,10241,3241,A07,S03,R04,Bakery,30.21
107,10242,3242,A10,S07,R05,Beverages,21.17
107,10243,3243,A06,S01,R04,Bakery,26.49
107,10244,3244,A06,S01,R01,Vegetables,15.75
107,10245,3245,A08,S05,R04,Personal Care,16.93
107,10246,3246,A07,S02,R01,Bakery,15.6
107,10247,3247,A03,S01,R04,Personal Care,9.55
107,10248,3248,A05,S02,R05,Bakery,27.21
107,10249,3249,A10,S05,R05,Bakery,4.02
107,10250,3250,A12,S07,R05,Snacks,36.9
107,10251,3251,A08,S03,R04,Household,38.06
107,10252,3252,A06,S06,R05,Bakery,41.47
107,10253,3253,A10,S07,R03,Fruits,8.92
107,10254,3254,A04,S01,R02,Frozen,33.04
107,10255,3255,A05,S07,R02,Frozen,40.05
107,10256,3256,A09,S02,R04,Snacks,22.53
107,10257,3257,A11,S07,R04,Beverages,40.36
107,10258,3258,A06,S05,R05,Vegetables,18.17
107,10259,3259,A03,S05,R03,Personal Care,28.55
107,10260,3260,A05,S01,R02,Snacks,16.43
107,10261,3261,A04,S01,R05,Fruits,31.42
107,10262,3262,A06,S01,R04,Dairy,4.82
107,10263,3263,A10,S07,R03,Bakery,24.92
107,10264,3264,A12,S04,R04,Frozen,24.14
107,10265,3265,A08,S07,R05,Beverages,28.95
107,10266,3266,A01,S06,R02,Beverages,34.37
107,10267,3267,A06,S05,R02,Beverages,30.89
107,10268,3268,A05,S02,R04,Household,36.24
107,10269,3269,A05,S02,R02,Dairy,19.04
107,10270,3270,A01,S06,R02,Dairy,7.61
107,10271,3271,A08,S05,R05,Fruits,27.91
107,10272,3272,A05,S01,R05,Beverages,4.18
107,10273,3273,A08,S01,R01,Personal Care,19.9
107,10274,3274,A09,S03,R02,Beverages,22.2
107,10275,3275,A09,S05,R04,Beverages,24.06
107,10276,3276,A08,S07,R03,Frozen,26.26
107,10277,3277,A09,S05,R04,Bakery,31.33
107,10278,3278,A06,S01,R05,Snacks,40.73
107,10279,3279,A08,S03,R01,Snacks,16.06
107,10280,3280,A08,S02,R05,Beverages,23.99
107,10281,3281,A01,S06,R04,Staples,41.96
107,10282,3282,A09,S06,R05,Fruits,18.77
107,10283,3283,A01,S02,R03,Frozen,10.39
107,10284,3284,A05,S06,R03,Vegetables,16.51
107,10285,3285,A04,S06,R03,Snacks,35.9
107,10286,3286,A04,S05,R04,Snacks,41.07
107,10287,3287,A03,S06,R05,Staples,17.15
107,10288,3288,A04,S02,R03,Beverages,41.31
107,10289,3289,A06,S04,R04,Fruits,32.85
107,10290,3290,A12,S07,R02,Dairy,30.76
107,10291,3291,A05,S03,R02,Vegetables,33.98
107,10292,3292,A09,S04,R01,Staples,21.87
107,10293,3293,A08,S02,R04,Dairy,8.65
107,10294,3294,A12,S01,R02,Staples,17.89
107,10295,3295,A11,S06,R03,Snacks,17.18
107,10296,3296,A09,S07,R02,Bakery,7.51
107,10297,3297,A08,S06,R04,Vegetables,35.71
107,10298,3298,A03,S05,R03,Snacks,33.28
107,10299,3299,A03,S07,R01,Vegetables,25.42
107,10300,3300,A06,S06,R01,Bakery,37.24
107,10301,3301,A09,S02,R03,Personal Care,30.9
107,10302,3302,A02,S07,R05,Personal Care,14.16
107,10303,3303,A03,S06,R02,Bakery,14.27
107,10304,3304,A08,S07,R05,Fruits,20.55
107,10305,3305,A10,S02,R05,Fruits,5.75
107,10306,3306,A01,S06,R01,Personal Care,34.96
107,10307,3307,A11,S01,R04,Household,38.24
107,10308,3308,A02,S02,R01,Household,18.29
107,10309,3309,A05,S02,R01,Frozen,32.79
107,10310,3310,A07,S03,R03,Household,12.79
107,10311,3311,A06,S04,R04,Vegetables,19.48
107,10312,3312,A03,S04,R05,Bakery,23.7
107,10313,3313,A10,S06,R01,Personal Care,22.51
107,10314,3314,A01,S04,R03,Frozen,37.99
107,10315,3315,A08,S05,R03,Frozen,13.49
107,10316,3316,A03,S01,R04,Fruits,19.26
107,10317,3317,A05,S07,R01,Fruits,12.74
107,10318,3318,A04,S02,R05,Dairy,4.59
107,10319,3319,A12,S06,R01,Bakery,30.52
107,10320,3320,A10,S02,R02,Snacks,41.23
107,10321,3321,A03,S06,R03,Snacks,15.18
107,10322,3322,A05,S06,R04,Vegetables,6.26
107,10323,3323,A11,S05,R02,Vegetables,33.54
107,10324,3324,A12,S03,R04,Staples,28.32
107,10325,3325,A12,S01,R03,Beverages,4.17
107,10326,3326,A02,S01,R05,Staples,14.01
107,10327,3327,A11,S04,R05,Frozen,10.88
107,10328,3328,A04,S01,R05,Vegetables,4.48
107,10329,3329,A05,S01,R03,Fruits,7.12
107,10330,3330,A05,S04,R01,Frozen,5.08
107,10331,3331,A10,S05,R05,Personal Care,24.32
107,10332,3332,A10,S05,R05,Fruits,33.29
107,10333,3333,A02,S03,R02,Personal Care,9.39
107,10334,3334,A10,S04,R04,Snacks,14.25
107,10335,3335,A11,S05,R03,Frozen,28.86
107,10336,3336,A08,S02,R02,Fruits,7.58
107,10337,3337,A04,S04,R05,Frozen,41.35
107,10338,3338,A08,S05,R04,Frozen,40.63
107,10339,3339,A10,S01,R02,Bakery,37.68
107,10340,3340,A11,S04,R05,Bakery,6.88
107,10341,3341,A05,S05,R01,Snacks,10.97
107,10342,3342,A02,S02,R03,Dairy,26.6
107,10343,3343,A06,S03,R03,Fruits,15.97
107,10344,3344,A02,S01,R04,Beverages,17.79
107,10345,3345,A05,S01,R05,Frozen,38.1
107,10346,3346,A09,S02,R05,Frozen,31.35
107,10347,3347,A08,S01,R03,Bakery,38.52
107,10348,3348,A12,S03,R03,Staples,7.15
107,10349,3349,A10,S05,R02,Dairy,21.39
107,10350,3350,A06,S05,R04,Household,36.57
107,10351,3351,A10,S07,R05,Staples,36.69
107,10352,3352,A04,S06,R03,Staples,23.09
107,10353,3353,A09,S04,R02,Fruits,28.3
107,10354,3354,A05,S03,R05,Staples,32.2
107,10355,3355,A01,S04,R01,Bakery,29.23
107,10356,3356,A06,S03,R01,Snacks,18.02
107,10357,3357,A08,S02,R03,Beverages,6.49
107,10358,3358,A05,S05,R04,Vegetables,30.66
107,10359,3359,A11,S07,R04,Dairy,6.25
107,10360,3360,A04,S03,R02,Household,38.81
107,10361,3361,A01,S06,R02,Vegetables,35.08
107,10362,3362,A07,S02,R03,Personal Care,25.61
107,10363,3363,A12,S06,R03,Beverages,35.25
107,10364,3364,A07,S01,R03,Vegetables,21.31
107,10365,3365,A08,S05,R04,Staples,11.5
107,10366,3366,A02,S07,R02,Dairy,6.64
107,10367,3367,A07,S05,R02,Household,18.74
107,10368,3368,A03,S05,R02,Household,24.52
107,10369,3369,A10,S07,R02,Vegetables,28.75
107,10370,3370,A08,S06,R01,Fruits,30.08
107,10371,3371,A09,S04,R04,Dairy,17.56
107,10372,3372,A03,S04,R01,Frozen,11.46
107,10373,3373,A11,S02,R01,Frozen,7.54
107,10374,3374,A12,S03,R05,Fruits,40.42
107,10375,3375,A12,S04,R01,Dairy,24.66
107,10376,3376,A11,S05,R01,Bakery,25.28
107,10377,3377,A01,S04,R04,Dairy,4.01
107,10378,3378,A06,S07,R04,Staples,11.09
107,10379,3379,A04,S02,R03,Staples,35.49
107,10380,3380,A10,S06,R05,Bakery,29.28
107,10381,3381,A01,S07,R03,Household,25.77
107,10382,3382,A07,S01,R04,Bakery,20.65
107,10383,3383,A09,S03,R04,Vegetables,32.83
107,10384,3384,A12,S04,R02,Snacks,35.75
107,10385,3385,A01,S02,R02,Household,25.91
107,10386,3386,A03,S02,R02,Staples,30.34
107,10387,3387,A10,S03,R05,Dairy,5.43
107,10388,3388,A11,S04,R05,Bakery,31.97
107,10389,3389,A02,S06,R04,Fruits,25.89
107,10390,3390,A09,S05,R01,Vegetables,27.76
107,10391,3391,A02,S06,R02,Frozen,31.91
107,10392,3392,A01,S03,R04,Household,5.9
107,10393,3393,A02,S02,R02,Vegetables,11.73
107,10394,3394,A09,S04,R03,Frozen,17.12
107,10395,3395,A09,S05,R02,Beverages,23.51
107,10396,3396,A08,S03,R04,Snacks,35.56
107,10397,3397,A11,S03,R02,Beverages,39.18
107,10398,3398,A11,S05,R01,Bakery,8.82
107,10399,3399,A03,S07,R01,Frozen,5.02
107,10400,3400,A07,S03,R01,Dairy,6.17
107,10401,3401,A11,S02,R04,Bakery,8.3
107,10402,3402,A05,S03,R05,Fruits,39.36
107,10403,3403,A09,S02,R05,Fruits,10.06
107,10404,3404,A11,S01,R05,Bakery,19.74
107,10405,3405,A08,S03,R05,Dairy,27.55
107,10406,3406,A03,S04,R02,Personal Care,38.3
107,10407,3407,A01,S04,R05,Frozen,18.93
107,10408,3408,A01,S03,R03,Bakery,12.58
107,10409,3409,A12,S06,R02,Fruits,28.93
107,10410,3410,A03,S02,R05,Snacks,25.04
107,10411,3411,A07,S01,R04,Frozen,29.33
107,10412,3412,A03,S05,R02,Personal Care,32.56
107,10413,3413,A08,S02,R03,Household,39.0
107,10414,3414,A08,S01,R02,Snacks,29.87
107,10415,3415,A03,S02,R03,Beverages,5.87
107,10416,3416,A05,S05,R05,Bakery,8.03
107,10417,3417,A12,S02,R05,Staples,8.97
107,10418,3418,A04,S04,R03,Staples,4.26
107,10419,3419,A10,S03,R03,Dairy,20.58
107,10420,3420,A02,S01,R03,Household,17.99
107,10421,3421,A05,S01,R02,Dairy,25.52
107,10422,3422,A12,S01,R04,Household,28.84
107,10423,3423,A11,S06,R02,Staples,34.1
107,10424,3424,A01,S07,R02,Bakery,4.31
107,10425,3425,A08,S05,R02,Beverages,9.74
107,10426,3426,A02,S03,R01,Bakery,24.61
107,10427,3427,A06,S04,R05,Snacks,12.47
107,10428,3428,A12,S01,R04,Frozen,4.96
107,10429,3429,A01,S04,R03,Dairy,9.47
107,10430,3430,A12,S04,R03,Vegetables,41.8
107,10431,3431,A06,S05,R04,Frozen,11.42
107,10432,3432,A07,S05,R04,Vegetables,4.96
107,10433,3433,A12,S03,R02,Bakery,20.21
107,10434,3434,A09,S03,R05,Beverages,15.54
107,10435,3435,A08,S02,R03,Snacks,30.58
107,10436,3436,A09,S05,R01,Personal Care,34.76
107,10437,3437,A06,S07,R05,Vegetables,13.03
107,10438,3438,A08,S03,R05,Frozen,19.37
107,10439,3439,A01,S01,R05,Snacks,33.96
107,10440,3440,A08,S04,R01,Fruits,4.93
107,10441,3441,A02,S03,R03,Frozen,31.92
107,10442,3442,A06,S02,R01,Frozen,35.28
107,10443,3443,A03,S03,R05,Beverages,12.38
107,10444,3444,A11,S07,R01,Dairy,34.27
107,10445,3445,A07,S02,R02,Snacks,24.82
107,10446,3446,A01,S04,R01,Snacks,14.62
107,10447,3447,A10,S04,R04,Bakery,9.26
107,10448,3448,A04,S03,R03,Personal Care,28.99
107,10449,3449,A01,S07,R02,Staples,32.82
107,10450,3450,A05,S04,R01,Bakery,21.66
107,10451,3451,A05,S02,R01,Household,22.53
107,10452,3452,A04,S01,R04,Bakery,20.46
107,10453,3453,A04,S02,R04,Household,19.99
107,10454,3454,A05,S07,R05,Beverages,7.05
107,10455,3455,A10,S02,R01,Dairy,27.75
107,10456,3456,A08,S06,R01,Frozen,35.39
107,10457,3457,A07,S02,R02,Bakery,23.96
107,10458,3458,A05,S01,R03,Snacks,25.46
107,10459,3459,A02,S06,R04,Bakery,40.83
107,10460,3460,A08,S04,R04,Frozen,39.22
107,10461,3461,A04,S04,R05,Household,7.16
107,10462,3462,A02,S03,R01,Staples,38.63
107,10463,3463,A05,S01,R01,Beverages,22.84
107,10464,3464,A03,S06,R03,Beverages,35.0
107,10465,3465,A03,S07,R02,Personal Care,27.92
107,10466,3466,A07,S07,R05,Household,26.96
107,10467,3467,A12,S04,R01,Staples,5.81
107,10468,3468,A10,S01,R01,Dairy,7.19
107,10469,3469,A10,S03,R04,Personal Care,35.53
107,10470,3470,A09,S03,R05,Bakery,19.63
107,10471,3471,A02,S06,R02,Fruits,22.25
107,10472,3472,A11,S06,R04,Staples,7.3
107,10473,3473,A02,S05,R04,Fruits,33.63
107,10474,3474,A04,S02,R05,Household,19.01
107,10475,3475,A12,S05,R04,Beverages,37.98
107,10476,3476,A05,S06,R01,Fruits,21.82
107,10477,3477,A09,S05,R02,Vegetables,16.44
107,10478,3478,A10,S06,R03,Snacks,13.01
107,10479,3479,A01,S04,R01,Household,18.84
107,10480,3480,A11,S07,R01,Personal Care,23.33
107,10481,3481,A08,S06,R04,Frozen,13.78
107,10482,3482,A07,S07,R04,Staples,35.43
107,10483,3483,A01,S05,R02,Household,18.61
107,10484,3484,A03,S06,R03,Personal Care,32.3
107,10485,3485,A05,S02,R01,Fruits,28.73
107,10486,3486,A12,S07,R02,Beverages,4.9
107,10487,3487,A08,S02,R05,Bakery,26.99
107,10488,3488,A12,S01,R03,Vegetables,37.96
107,10489,3489,A04,S05,R04,Frozen,40.51
107,10490,3490,A06,S07,R02,Beverages,34.9
107,10491,3491,A05,S01,R05,Bakery,29.08
107,10492,3492,A01,S03,R04,Personal Care,7.98
107,10493,3493,A08,S04,R01,Frozen,17.44
107,10494,3494,A04,S07,R02,Staples,26.57
107,10495,3495,A04,S06,R02,Fruits,11.35
107,10496,3496,A12,S02,R02,Beverages,17.32
107,10497,3497,A11,S05,R05,Snacks,10.05
107,10498,3498,A04,S04,R05,Fruits,39.63
107,10499,3499,A06,S06,R05,Fruits,32.19
107,10500,3500,A01,S02,R01,Fruits,11.63
108,10001,3501,A03,S04,R01,Snacks,26.15
108,10002,3502,A12,S01,R03,Frozen,5.32
108,10003,3503,A01,S03,R02,Household,20.08
108,10004,3504,A08,S02,R05,Household,6.57
108,10005,3505,A09,S02,R05,Household,16.07
108,10006,3506,A10,S04,R04,Household,22.59
108,10007,3507,A09,S07,R03,Snacks,5.66
108,10008,3508,A08,S02,R03,Bakery,9.87
108,10009,3509,A11,S05,R03,Staples,24.67
108,10010,3510,A07,S06,R04,Beverages,13.48
108,10011,3511,A02,S03,R02,Snacks,9.75
108,10012,3512,A05,S05,R02,Vegetables,17.13
108,10013,3513,A01,S02,R01,Bakery,22.44
108,10014,3514,A04,S06,R01,Frozen,9.67
108,10015,3515,A09,S07,R01,Household,15.05
108,10016,3516,A07,S04,R01,Personal Care,6.35
108,10017,3517,A05,S02,R03,Beverages,12.45
108,10018,3518,A11,S05,R02,Staples,17.56
108,10019,3519,A03,S06,R05,Snacks,30.67
108,10020,3520,A07,S07,R04,Beverages,23.13
108,10021,3521,A09,S04,R01,Beverages,20.35
108,10022,3522,A03,S05,R04,Fruits,24.66
108,10023,3523,A01,S01,R03,Dairy,27.87
108,10024,3524,A05,S04,R01,Snacks,18.75
108,10025,3525,A10,S04,R04,Staples,5.65
108,10026,3526,A04,S01,R02,Dairy,7.8
108,10027,3527,A12,S02,R02,Staples,22.67
108,10028,3528,A09,S01,R01,Staples,24.2
108,10029,3529,A07,S01,R03,Fruits,29.26
108,10030,3530,A03,S02,R04,Personal Care,9.14
108,10031,3531,A09,S04,R02,Bakery,9.35
108,10032,3532,A01,S01,R03,Household,6.7
108,10033,3533,A04,S04,R02,Household,7.39
108,10034,3534,A06,S04,R04,Vegetables,21.56
108,10035,3535,A05,S03,R04,Dairy,13.72
108,10036,3536,A06,S06,R05,Frozen,14.48
108,10037,3537,A04,S02,R03,Beverages,27.96
108,10038,3538,A04,S03,R02,Staples,6.99
108,10039,3539,A06,S03,R02,Personal Care,5.25
108,10040,3540,A08,S01,R04,Household,25.28
108,10041,3541,A09,S01,R02,Household,28.63
108,10042,3542,A02,S02,R03,Bakery,19.46
108,10043,3543,A08,S02,R04,Vegetables,7.18
108,10044,3544,A11,S04,R05,Beverages,25.1
108,10045,3545,A08,S01,R05,Beverages,30.97
108,10046,3546,A12,S01,R05,Dairy,6.39
108,10047,3547,A10,S02,R05,Snacks,13.98
108,10048,3548,A01,S01,R02,Bakery,13.28
108,10049,3549,A12,S01,R01,Household,25.55
108,10050,3550,A01,S07,R04,Personal Care,25.96
108,10051,3551,A01,S07,R02,Frozen,7.63
108,10052,3552,A11,S07,R04,Household,8.99
108,10053,3553,A02,S01,R04,Vegetables,9.73
108,10054,3554,A04,S06,R04,Frozen,27.1
108,10055,3555,A12,S05,R02,Beverages,16.15
108,10056,3556,A07,S06,R05,Vegetables,14.29
108,10057,3557,A08,S01,R05,Frozen,25.49
108,10058,3558,A03,S04,R01,Vegetables,20.44
108,10059,3559,A12,S04,R04,Dairy,14.26
108,10060,3560,A11,S02,R04,Beverages,23.42
108,10061,3561,A08,S05,R01,Household,10.24
108,10062,3562,A07,S02,R01,Bakery,8.3
108,10063,3563,A11,S03,R01,Beverages,8.32
108,10064,3564,A02,S07,R04,Bakery,10.66
108,10065,3565,A01,S05,R04,Personal Care,31.45
108,10066,3566,A03,S01,R02,Beverages,32.19
108,10067,3567,A09,S01,R02,Vegetables,39.16
108,10068,3568,A10,S03,R03,Fruits,32.11
108,10069,3569,A10,S01,R01,Snacks,4.83
108,10070,3570,A12,S03,R04,Personal Care,15.32
108,10071,3571,A09,S07,R05,Frozen,17.66
108,10072,3572,A12,S07,R03,Beverages,7.65
108,10073,3573,A06,S04,R02,Bakery,31.8
108,10074,3574,A12,S03,R01,Staples,19.21
108,10075,3575,A09,S03,R02,Personal Care,40.86
108,10076,3576,A04,S07,R02,Household,22.15
108,10077,3577,A02,S07,R01,Dairy,26.23
108,10078,3578,A04,S05,R04,Vegetables,23.18
108,10079,3579,A08,S02,R03,Household,10.64
108,10080,3580,A01,S06,R01,Staples,4.98
108,10081,3581,A05,S05,R01,Beverages,21.52
108,10082,3582,A05,S05,R03,Staples,15.56
108,10083,3583,A06,S06,R01,Staples,11.03
108,10084,3584,A01,S01,R04,Vegetables,39.53
108,10085,3585,A06,S03,R04,Staples,8.63
108,10086,3586,A05,S02,R01,Fruits,16.23
108,10087,3587,A09,S05,R04,Fruits,40.25
108,10088,3588,A09,S01,R05,Personal Care,8.56
108,10089,3589,A11,S07,R05,Personal Care,36.64
108,10090,3590,A11,S01,R05,Bakery,18.9
108,10091,3591,A03,S06,R02,Staples,27.22
108,10092,3592,A01,S06,R05,Bakery,8.11
108,10093,3593,A12,S07,R03,Staples,33.19
108,10094,3594,A11,S03,R05,Dairy,18.84
108,10095,3595,A05,S05,R01,Household,13.59
108,10096,3596,A03,S06,R02,Household,13.68
108,10097,3597,A03,S07,R03,Household,17.66
108,10098,3598,A04,S05,R04,Personal Care,19.33
108,10099,3599,A10,S01,R05,Beverages,29.66
108,10100,3600,A05,S04,R01,Household,39.36
108,10101,3601,A12,S07,R05,Fruits,17.27
108,10102,3602,A10,S05,R04,Household,37.09
108,10103,3603,A03,S06,R05,Snacks,23.65
108,10104,3604,A08,S06,R02,Beverages,29.31
108,10105,3605,A10,S04,R04,Snacks,41.03
108,10106,3606,A09,S05,R03,Snacks,25.68
108,10107,3607,A12,S01,R02,Dairy,8.51
108,10108,3608,A12,S02,R04,Bakery,14.27
108,10109,3609,A09,S03,R03,Fruits,23.47
108,10110,3610,A03,S07,R02,Bakery,18.84
108,10111,3611,A02,S05,R04,Beverages,11.96
108,10112,3612,A11,S06,R03,Personal Care,11.08
108,10113,3613,A11,S04,R05,Personal Care,6.08
108,10114,3614,A03,S04,R05,Beverages,18.73
108,10115,3615,A05,S02,R05,Staples,12.17
108,10116,3616,A09,S06,R02,Snacks,32.3
108,10117,3617,A09,S03,R03,Dairy,12.79
108,10118,3618,A02,S03,R01,Household,39.76
108,10119,3619,A08,S04,R05,Snacks,34.06
108,10120,3620,A04,S01,R05,Personal Care,5.6
108,10121,3621,A12,S01,R04,Snacks,4.32
108,10122,3622,A03,S06,R01,Snacks,14.1
108,10123,3623,A05,S01,R03,Dairy,16.05
108,10124,3624,A01,S07,R01,Snacks,33.37
108,10125,3625,A07,S06,R01,Household,14.62
108,10126,3626,A09,S02,R03,Vegetables,17.94
108,10127,3627,A07,S06,R04,Personal Care,6.65
108,10128,3628,A05,S01,R04,Dairy,27.45
108,10129,3629,A10,S03,R01,Vegetables,7.53
108,10130,3630,A03,S02,R03,Beverages,20.69
108,10131,3631,A10,S06,R01,Frozen,23.91
108,10132,3632,A11,S04,R02,Fruits,19.96
108,10133,3633,A04,S06,R05,Fruits,29.18
108,10134,3634,A02,S05,R01,Beverages,7.72
108,10135,3635,A10,S04,R02,Frozen,32.75
108,10136,3636,A11,S03,R05,Staples,38.17
108,10137,3637,A06,S07,R01,Dairy,21.79
108,10138,3638,A06,S05,R02,Fruits,28.42
108,10139,3639,A08,S02,R04,Staples,22.69
108,10140,3640,A08,S02,R01,Dairy,22.04
108,10141,3641,A07,S04,R04,Staples,40.79
108,10142,3642,A10,S04,R03,Fruits,41.48
108,10143,3643,A10,S01,R01,Frozen,40.44
108,10144,3644,A08,S06,R01,Fruits,9.9
108,10145,3645,A09,S07,R02,Beverages,16.2
108,10146,3646,A05,S01,R03,Personal Care,18.94
108,10147,3647,A01,S03,R04,Bakery,12.73
108,10148,3648,A05,S06,R04,Snacks,18.69
108,10149,3649,A11,S04,R01,Snacks,5.68
108,10150,3650,A12,S01,R04,Household,13.06
108,10151,3651,A06,S04,R05,Frozen,12.41
108,10152,3652,A06,S01,R04,Personal Care,18.41
108,10153,3653,A07,S06,R03,Beverages,18.74
108,10154,3654,A05,S03,R01,Beverages,30.88
108,10155,3655,A01,S01,R04,Beverages,28.81
108,10156,3656,A08,S01,R03,Staples,22.63
108,10157,3657,A09,S01,R04,Vegetables,31.37
108,10158,3658,A12,S01,R04,Bakery,41.84
108,10159,3659,A01,S05,R01,Vegetables,35.4
108,10160,3660,A09,S04,R02,Dairy,7.43
108,10161,3661,A11,S06,R04,Bakery,40.81
108,10162,3662,A01,S05,R02,Dairy,7.43
108,10163,3663,A09,S05,R05,Household,28.52
108,10164,3664,A03,S01,R01,Household,6.41
108,10165,3665,A07,S06,R02,Personal Care,35.8
108,10166,3666,A05,S07,R01,Beverages,16.76
108,10167,3667,A12,S03,R02,Household,22.55
108,10168,3668,A05,S05,R04,Bakery,28.64
108,10169,3669,A08,S01,R02,Frozen,33.75
108,10170,3670,A07,S04,R02,Snacks,4.37
108,10171,3671,A12,S03,R03,Frozen,30.74
108,10172,3672,A05,S04,R05,Bakery,6.04
108,10173,3673,A05,S03,R05,Beverages,24.77
108,10174,3674,A03,S02,R02,Personal Care,35.58
108,10175,3675,A04,S05,R05,Beverages,16.47
108,10176,3676,A10,S04,R05,Beverages,26.07
108,10177,3677,A03,S03,R04,Bakery,33.66
108,10178,3678,A02,S05,R05,Vegetables,14.56
108,10179,3679,A03,S05,R03,Fruits,14.3
108,10180,3680,A10,S07,R05,Vegetables,24.54
108,10181,3681,A09,S03,R03,Personal Care,33.92
108,10182,3682,A05,S03,R04,Personal Care,23.19
108,10183,3683,A03,S01,R02,Personal Care,9.61
108,10184,3684,A03,S06,R01,Vegetables,13.26
108,10185,3685,A04,S01,R03,Frozen,4.25
108,10186,3686,A06,S04,R02,Dairy,37.0
108,10187,3687,A11,S06,R01,Vegetables,34.47
108,10188,3688,A08,S05,R03,Bakery,41.7
108,10189,3689,A07,S04,R05,Vegetables,41.48
108,10190,3690,A01,S06,R04,Frozen,18.61
108,10191,3691,A09,S04,R02,Vegetables,4.56
108,10192,3692,A07,S01,R03,Frozen,21.35
108,10193,3693,A06,S02,R03,Beverages,5.23
108,10194,3694,A05,S06,R03,Personal Care,41.55
108,10195,3695,A11,S06,R04,Beverages,24.2
108,10196,3696,A08,S03,R01,Fruits,21.55
108,10197,3697,A05,S01,R05,Household,27.18
108,10198,3698,A12,S03,R03,Frozen,40.48
108,10199,3699,A08,S04,R04,Fruits,41.38
108,10200,3700,A01,S07,R02,Household,8.51
108,10201,3701,A10,S01,R01,Fruits,24.85
108,10202,3702,A02,S03,R02,Household,7.68
108,10203,3703,A10,S02,R05,Household,19.89
108,10204,3704,A02,S04,R02,Beverages,38.31
108,10205,3705,A01,S05,R04,Household,17.3
108,10206,3706,A12,S03,R03,Fruits,29.7
108,10207,3707,A11,S03,R05,Dairy,32.9
108,10208,3708,A04,S01,R02,Dairy,12.28
108,10209,3709,A06,S01,R03,Beverages,33.59
108,10210,3710,A06,S05,R05,Frozen,15.06
108,10211,3711,A11,S03,R05,Bakery,7.62
108,10212,3712,A02,S04,R01,Beverages,28.81
108,10213,3713,A09,S07,R01,Household,40.67
108,10214,3714,A08,S06,R05,Fruits,22.22
108,10215,3715,A01,S02,R05,Household,19.32
108,10216,3716,A12,S01,R04,Vegetables,13.93
108,10217,3717,A10,S02,R01,Staples,15.47
108,10218,3718,A06,S03,R02,Snacks,36.06
108,10219,3719,A12,S04,R01,Snacks,19.94
108,10220,3720,A06,S04,R04,Bakery,32.2
108,10221,3721,A05,S06,R04,Beverages,37.31
108,10222,3722,A09,S07,R04,Staples,41.49
108,10223,3723,A08,S06,R05,Dairy,19.51
108,10224,3724,A07,S02,R04,Household,12.71
108,10225,3725,A02,S05,R01,Beverages,29.53
108,10226,3726,A08,S02,R02,Household,37.87
108,10227,3727,A07,S05,R03,Personal Care,15.49
108,10228,3728,A10,S06,R01,Beverages,18.51
108,10229,3729,A01,S05,R04,Vegetables,40.4
108,10230,3730,A09,S02,R02,Personal Care,13.88
108,10231,3731,A09,S04,R04,Bakery,11.22
108,10232,3732,A02,S05,R02,Snacks,14.05
108,10233,3733,A04,S01,R03,Dairy,13.72
108,10234,3734,A05,S01,R02,Personal Care,31.73
108,10235,3735,A12,S01,R02,Personal Care,11.88
108,10236,3736,A01,S03,R04,Dairy,19.44
108,10237,3737,A02,S07,R01,Household,37.18
108,10238,3738,A04,S06,R04,Beverages,32.91
108,10239,3739,A01,S05,R05,Household,13.3
108,10240,3740,A04,S01,R03,Dairy,19.95
108,10241,3741,A07,S04,R02,Bakery,27.87
108,10242,3742,A08,S02,R03,Beverages,33.95
108,10243,3743,A09,S03,R01,Bakery,15.37
108,10244,3744,A10,S04,R04,Vegetables,23.33
108,10245,3745,A03,S02,R03,Personal Care,13.95
108,10246,3746,A04,S04,R01,Bakery,30.01
108,10247,3747,A07,S05,R05,Personal Care,22.35
108,10248,3748,A09,S07,R04,Bakery,17.97
108,10249,3749,A02,S06,R01,Bakery,5.22
108,10250,3750,A12,S02,R05,Snacks,14.62
108,10251,3751,A10,S07,R03,Household,38.99
108,10252,3752,A03,S05,R02,Bakery,18.84
108,10253,3753,A07,S05,R03,Fruits,33.85
108,10254,3754,A03,S07,R05,Frozen,32.58
108,10255,3755,A04,S02,R01,Frozen,12.14
108,10256,3756,A07,S06,R04,Snacks,27.51
108,10257,3757,A09,S05,R04,Beverages,20.9
108,10258,3758,A08,S07,R02,Vegetables,18.74
108,10259,3759,A03,S05,R01,Personal Care,18.69
108,10260,3760,A05,S04,R04,Snacks,21.12
108,10261,3761,A02,S03,R05,Fruits,29.83
108,10262,3762,A06,S07,R05,Dairy,18.92
108,10263,3763,A11,S04,R01,Bakery,14.33
108,10264,3764,A01,S04,R05,Frozen,30.14
108,10265,3765,A11,S05,R03,Beverages,10.01
108,10266,3766,A01,S05,R04,Beverages,4.73
108,10267,3767,A01,S02,R01,Beverages,11.63
108,10268,3768,A02,S05,R05,Household,33.72
108,10269,3769,A09,S02,R04,Dairy,8.68
108,10270,3770,A09,S05,R03,Dairy,15.02
108,10271,3771,A05,S03,R04,Fruits,23.91
108,10272,3772,A04,S04,R03,Beverages,23.68
108,10273,3773,A05,S04,R03,Personal Care,35.38
108,10274,3774,A09,S01,R01,Beverages,16.15
108,10275,3775,A02,S07,R05,Beverages,6.19
108,10276,3776,A11,S07,R02,Frozen,16.03
108,10277,3777,A11,S04,R01,Bakery,31.5
108,10278,3778,A06,S06,R05,Snacks,33.16
108,10279,3779,A06,S06,R04,Snacks,31.56
108,10280,3780,A08,S05,R04,Beverages,30.56
108,10281,3781,A09,S06,R05,Staples,25.8
108,10282,3782,A03,S07,R02,Fruits,18.07
108,10283,3783,A10,S02,R02,Frozen,14.65
108,10284,3784,A03,S01,R01,Vegetables,36.92
108,10285,3785,A08,S05,R04,Snacks,15.1
108,10286,3786,A08,S06,R02,Snacks,35.24
108,10287,3787,A07,S01,R01,Staples,34.86
108,10288,3788,A03,S01,R03,Beverages,36.57
108,10289,3789,A05,S06,R05,Fruits,34.18
108,10290,3790,A02,S02,R01,Dairy,6.04
108,10291,3791,A02,S06,R02,Vegetables,28.84
108,10292,3792,A12,S02,R03,Staples,31.96
108,10293,3793,A02,S06,R01,Dairy,37.61
108,10294,3794,A08,S03,R05,Staples,14.54
108,10295,3795,A12,S07,R01,Snacks,19.69
108,10296,3796,A05,S06,R02,Bakery,13.94
108,10297,3797,A07,S07,R01,Vegetables,36.7
108,10298,3798,A01,S05,R04,Snacks,22.5
108,10299,3799,A02,S06,R05,Vegetables,13.46
108,10300,3800,A04,S06,R02,Bakery,29.81
108,10301,3801,A07,S03,R04,Personal Care,5.36
108,10302,3802,A01,S01,R04,Personal Care,30.26
108,10303,3803,A12,S07,R01,Bakery,39.53
108,10304,3804,A08,S03,R02,Fruits,29.59
108,10305,3805,A10,S02,R04,Fruits,12.57
108,10306,3806,A11,S07,R04,Personal Care,7.9
108,10307,3807,A06,S02,R02,Household,12.69
108,10308,3808,A11,S01,R04,Household,14.98
108,10309,3809,A04,S07,R01,Frozen,17.95
108,10310,3810,A08,S02,R04,Household,12.81
108,10311,3811,A05,S01,R01,Vegetables,33.54
108,10312,3812,A02,S07,R05,Bakery,33.73
108,10313,3813,A06,S02,R05,Personal Care,11.29
108,10314,3814,A11,S04,R03,Frozen,21.68
108,10315,3815,A06,S02,R01,Frozen,11.52
108,10316,3816,A07,S06,R02,Fruits,24.44
108,10317,3817,A09,S02,R04,Fruits,18.17
108,10318,3818,A05,S04,R01,Dairy,18.72
108,10319,3819,A07,S02,R01,Bakery,33.09
108,10320,3820,A01,S06,R01,Snacks,11.45
108,10321,3821,A09,S05,R04,Snacks,8.18
108,10322,3822,A10,S03,R02,Vegetables,6.32
108,10323,3823,A06,S05,R03,Vegetables,30.31
108,10324,3824,A12,S07,R05,Staples,4.21
108,10325,3825,A09,S07,R04,Beverages,7.1
108,10326,3826,A07,S02,R01,Staples,26.67
108,10327,3827,A05,S02,R03,Frozen,9.97
108,10328,3828,A03,S03,R04,Vegetables,32.81
108,10329,3829,A07,S06,R04,Fruits,11.9
108,10330,3830,A05,S06,R04,Frozen,41.23
108,10331,3831,A05,S06,R04,Personal Care,18.62
108,10332,3832,A05,S06,R02,Fruits,26.04
108,10333,3833,A02,S04,R03,Personal Care,19.65
108,10334,3834,A08,S01,R03,Snacks,18.86
108,10335,3835,A11,S06,R01,Frozen,14.69
108,10336,3836,A10,S04,R03,Fruits,25.23
108,10337,3837,A05,S04,R01,Frozen,17.78
108,10338,3838,A01,S02,R02,Frozen,22.57
108,10339,3839,A07,S03,R03,Bakery,27.66
108,10340,3840,A06,S01,R05,Bakery,5.58
108,10341,3841,A09,S06,R05,Snacks,25.52
108,10342,3842,A11,S03,R03,Dairy,13.88
108,10343,3843,A12,S05,R03,Fruits,8.35
108,10344,3844,A09,S05,R04,Beverages,9.85
108,10345,3845,A08,S02,R04,Frozen,13.5
108,10346,3846,A09,S03,R04,Frozen,28.22
108,10347,3847,A12,S05,R05,Bakery,32.5
108,10348,3848,A04,S02,R03,Staples,10.23
108,10349,3849,A04,S01,R03,Dairy,34.38
108,10350,3850,A05,S05,R04,Household,4.72
108,10351,3851,A07,S06,R03,Staples,15.1
108,10352,3852,A08,S04,R02,Staples,15.7
108,10353,3853,A05,S05,R02,Fruits,31.5
108,10354,3854,A12,S02,R03,Staples,22.41
108,10355,3855,A08,S05,R04,Bakery,12.64
108,10356,3856,A12,S07,R04,Snacks,30.7
108,10357,3857,A09,S03,R01,Beverages,18.44
108,10358,3858,A04,S03,R04,Vegetables,4.08
108,10359,3859,A05,S02,R02,Dairy,4.14
108,10360,3860,A01,S01,R03,Household,7.93
108,10361,3861,A09,S07,R04,Vegetables,8.91
108,10362,3862,A04,S03,R05,Personal Care,39.5
108,10363,3863,A11,S06,R04,Beverages,27.91
108,10364,3864,A05,S07,R03,Vegetables,7.33
108,10365,3865,A02,S04,R01,Staples,39.45
108,10366,3866,A04,S05,R05,Dairy,6.93
108,10367,3867,A04,S06,R02,Household,7.55
108,10368,3868,A11,S02,R01,Household,29.61
108,10369,3869,A12,S07,R05,Vegetables,39.97
108,10370,3870,A01,S06,R04,Fruits,23.21
108,10371,3871,A10,S01,R03,Dairy,41.25
108,10372,3872,A08,S02,R04,Frozen,33.1
108,10373,3873,A05,S07,R02,Frozen,41.34
108,10374,3874,A11,S02,R03,Fruits,7.3
108,10375,3875,A12,S05,R03,Dairy,35.36
108,10376,3876,A06,S03,R01,Bakery,9.77
108,10377,3877,A03,S05,R04,Dairy,37.25
108,10378,3878,A07,S01,R03,Staples,25.81
108,10379,3879,A09,S06,R02,Staples,8.25
108,10380,3880,A09,S05,R05,Bakery,26.28
108,10381,3881,A10,S02,R03,Household,41.03
108,10382,3882,A08,S02,R04,Bakery,7.72
108,10383,3883,A10,S05,R04,Vegetables,4.85
108,10384,3884,A12,S04,R04,Snacks,25.52
108,10385,3885,A01,S06,R01,Household,23.67
108,10386,3886,A01,S07,R01,Staples,29.59
108,10387,3887,A08,S05,R02,Dairy,26.59
108,10388,3888,A06,S07,R05,Bakery,15.27
108,10389,3889,A03,S01,R03,Fruits,8.39
108,10390,3890,A04,S05,R02,Vegetables,39.29
108,10391,3891,A10,S06,R05,Frozen,4.39
108,10392,3892,A04,S05,R03,Household,31.17
108,10393,3893,A03,S05,R01,Vegetables,10.51
108,10394,3894,A10,S07,R03,Frozen,9.49
108,10395,3895,A12,S01,R03,Beverages,17.95
108,10396,3896,A08,S07,R05,Snacks,16.28
108,10397,3897,A12,S05,R03,Beverages,35.51
108,10398,3898,A09,S07,R04,Bakery,14.89
108,10399,3899,A09,S07,R02,Frozen,26.09
108,10400,3900,A03,S02,R04,Dairy,11.81
108,10401,3901,A10,S05,R01,Bakery,11.75
108,10402,3902,A08,S05,R05,Fruits,31.45
108,10403,3903,A08,S04,R04,Fruits,24.02
108,10404,3904,A01,S04,R01,Bakery,15.25
108,10405,3905,A02,S04,R04,Dairy,10.29
108,10406,3906,A04,S02,R04,Personal Care,8.3
108,10407,3907,A12,S01,R04,Frozen,39.9
108,10408,3908,A04,S03,R02,Bakery,7.59
108,10409,3909,A03,S07,R04,Fruits,29.35
108,10410,3910,A08,S07,R03,Snacks,39.74
108,10411,3911,A07,S02,R02,Frozen,9.81
108,10412,3912,A11,S07,R04,Personal Care,35.47
108,10413,3913,A04,S06,R04,Household,10.95
108,10414,3914,A02,S03,R05,Snacks,15.83
108,10415,3915,A09,S04,R05,Beverages,31.32
108,10416,3916,A07,S04,R01,Bakery,22.46
108,10417,3917,A08,S01,R03,Staples,39.07
108,10418,3918,A11,S02,R05,Staples,34.64
108,10419,3919,A12,S05,R05,Dairy,7.03
108,10420,3920,A09,S02,R05,Household,17.18
108,10421,3921,A04,S05,R01,Dairy,38.33
108,10422,3922,A10,S03,R02,Household,18.02
108,10423,3923,A06,S05,R05,Staples,11.61
108,10424,3924,A08,S02,R02,Bakery,41.27
108,10425,3925,A04,S03,R05,Beverages,29.65
108,10426,3926,A07,S03,R03,Bakery,37.18
108,10427,3927,A08,S01,R02,Snacks,9.62
108,10428,3928,A01,S04,R02,Frozen,23.89
108,10429,3929,A02,S06,R04,Dairy,9.58
108,10430,3930,A02,S03,R03,Vegetables,18.81
108,10431,3931,A05,S05,R01,Frozen,4.2
108,10432,3932,A06,S02,R05,Vegetables,38.01
108,10433,3933,A01,S03,R03,Bakery,30.91
108,10434,3934,A05,S05,R01,Beverages,27.97
108,10435,3935,A11,S05,R04,Snacks,35.72
108,10436,3936,A09,S07,R02,Personal Care,41.35
108,10437,3937,A06,S03,R02,Vegetables,21.98
108,10438,3938,A01,S06,R01,Frozen,9.57
108,10439,3939,A09,S02,R03,Snacks,23.48
108,10440,3940,A01,S02,R05,Fruits,28.72
108,10441,3941,A11,S07,R03,Frozen,39.13
108,10442,3942,A01,S07,R05,Frozen,41.92
108,10443,3943,A05,S03,R03,Beverages,37.73
108,10444,3944,A03,S02,R04,Dairy,8.45
108,10445,3945,A08,S01,R02,Snacks,20.76
108,10446,3946,A01,S06,R02,Snacks,11.73
108,10447,3947,A03,S02,R03,Bakery,22.48
108,10448,3948,A05,S03,R01,Personal Care,28.06
108,10449,3949,A12,S02,R01,Staples,35.76
108,10450,3950,A03,S03,R01,Bakery,11.93
108,10451,3951,A10,S04,R01,Household,25.33
108,10452,3952,A04,S02,R04,Bakery,11.01
108,10453,3953,A10,S07,R01,Household,40.69
108,10454,3954,A01,S07,R05,Beverages,23.24
108,10455,3955,A07,S07,R03,Dairy,7.0
108,10456,3956,A08,S06,R01,Frozen,41.61
108,10457,3957,A10,S07,R05,Bakery,39.47
108,10458,3958,A04,S04,R02,Snacks,41.33
108,10459,3959,A11,S07,R05,Bakery,12.81
108,10460,3960,A04,S01,R01,Frozen,8.79
108,10461,3961,A06,S02,R02,Household,12.28
108,10462,3962,A03,S05,R03,Staples,10.83
108,10463,3963,A08,S02,R03,Beverages,21.01
108,10464,3964,A01,S02,R05,Beverages,6.11
108,10465,3965,A03,S03,R03,Personal Care,23.68
108,10466,3966,A11,S03,R03,Household,6.32
108,10467,3967,A03,S05,R04,Staples,39.02
108,10468,3968,A07,S01,R02,Dairy,36.71
108,10469,3969,A09,S01,R03,Personal Care,8.98
108,10470,3970,A05,S01,R02,Bakery,26.16
108,10471,3971,A07,S06,R03,Fruits,22.83
108,10472,3972,A01,S06,R03,Staples,31.41
108,10473,3973,A04,S01,R01,Fruits,35.22
108,10474,3974,A08,S04,R02,Household,11.25
108,10475,3975,A03,S05,R04,Beverages,16.95
108,10476,3976,A09,S02,R03,Fruits,6.06
108,10477,3977,A12,S06,R05,Vegetables,21.61
108,10478,3978,A04,S01,R04,Snacks,12.33
108,10479,3979,A03,S07,R01,Household,14.49
108,10480,3980,A05,S03,R05,Personal Care,24.07
108,10481,3981,A01,S06,R01,Frozen,7.61
108,10482,3982,A01,S06,R05,Staples,16.93
108,10483,3983,A10,S02,R04,Household,33.59
108,10484,3984,A07,S07,R04,Personal Care,29.07
108,10485,3985,A02,S04,R02,Fruits,36.6
108,10486,3986,A06,S06,R04,Beverages,31.24
108,10487,3987,A11,S03,R04,Bakery,4.84
108,10488,3988,A09,S07,R02,Vegetables,7.22
108,10489,3989,A07,S01,R01,Frozen,20.92
108,10490,3990,A02,S07,R03,Beverages,19.7
108,10491,3991,A01,S03,R01,Bakery,4.69
108,10492,3992,A11,S06,R05,Personal Care,41.13
108,10493,3993,A03,S01,R01,Frozen,21.28
108,10494,3994,A09,S03,R05,Staples,37.47
108,10495,3995,A08,S04,R03,Fruits,30.38
108,10496,3996,A11,S05,R03,Beverages,5.69
108,10497,3997,A10,S05,R02,Snacks,12.72
108,10498,3998,A09,S02,R02,Fruits,10.37
108,10499,3999,A03,S05,R01,Fruits,33.41
108,10500,4000,A12,S04,R05,Fruits,19.59
109,10001,4001,A06,S06,R03,Snacks,15.69
109,10002,4002,A12,S06,R03,Frozen,5.22
109,10003,4003,A10,S06,R04,Household,21.06
109,10004,4004,A03,S02,R01,Household,22.05
109,10005,4005,A05,S01,R03,Household,24.88
109,10006,4006,A01,S07,R03,Household,21.46
109,10007,4007,A01,S06,R04,Snacks,12.0
109,10008,4008,A07,S02,R01,Bakery,23.6
109,10009,4009,A01,S01,R01,Staples,20.84
109,10010,4010,A05,S05,R03,Beverages,17.89
109,10011,4011,A05,S03,R02,Snacks,26.19
109,10012,4012,A05,S07,R04,Vegetables,9.62
109,10013,4013,A09,S06,R05,Bakery,5.54
109,10014,4014,A10,S05,R01,Frozen,14.6
109,10015,4015,A02,S01,R05,Household,9.1
109,10016,4016,A11,S04,R04,Personal Care,9.09
109,10017,4017,A04,S06,R05,Beverages,6.55
109,10018,4018,A08,S02,R05,Staples,9.79
109,10019,4019,A06,S02,R05,Snacks,19.09
109,10020,4020,A02,S07,R01,Beverages,16.08
109,10021,4021,A12,S01,R04,Beverages,9.95
109,10022,4022,A08,S01,R05,Fruits,31.86
109,10023,4023,A04,S04,R01,Dairy,17.87
109,10024,4024,A08,S01,R04,Snacks,22.02
109,10025,4025,A02,S06,R04,Staples,16.84
109,10026,4026,A07,S02,R02,Dairy,8.69
109,10027,4027,A02,S07,R05,Staples,24.71
109,10028,4028,A09,S02,R03,Staples,8.96
109,10029,4029,A12,S07,R04,Fruits,7.73
109,10030,4030,A08,S07,R02,Personal Care,5.7
109,10031,4031,A11,S06,R03,Bakery,19.45
109,10032,4032,A03,S04,R02,Household,31.84
109,10033,4033,A10,S07,R02,Household,22.46
109,10034,4034,A04,S07,R02,Vegetables,6.12
109,10035,4035,A05,S02,R01,Dairy,28.85
109,10036,4036,A01,S05,R01,Frozen,10.54
109,10037,4037,A10,S04,R02,Beverages,26.67
109,10038,4038,A11,S06,R04,Staples,11.77
109,10039,4039,A04,S05,R05,Personal Care,28.02
109,10040,4040,A12,S06,R02,Household,28.33
109,10041,4041,A01,S02,R04,Household,21.1
109,10042,4042,A10,S05,R04,Bakery,21.44
109,10043,4043,A07,S01,R03,Vegetables,11.46
109,10044,4044,A05,S07,R05,Beverages,23.25
109,10045,4045,A07,S03,R01,Beverages,22.22
109,10046,4046,A08,S02,R04,Dairy,11.45
109,10047,4047,A10,S05,R02,Snacks,23.82
109,10048,4048,A04,S04,R03,Bakery,20.73
109,10049,4049,A01,S04,R05,Household,5.19
109,10050,4050,A11,S07,R04,Personal Care,25.65
109,10051,4051,A03,S01,R05,Frozen,18.94
109,10052,4052,A10,S01,R03,Household,21.55
109,10053,4053,A01,S01,R01,Vegetables,28.71
109,10054,4054,A11,S05,R02,Frozen,8.92
109,10055,4055,A04,S03,R04,Beverages,26.02
109,10056,4056,A11,S03,R05,Vegetables,12.4
109,10057,4057,A12,S05,R05,Frozen,31.34
109,10058,4058,A04,S03,R03,Vegetables,30.48
109,10059,4059,A08,S05,R04,Dairy,28.02
109,10060,4060,A05,S03,R05,Beverages,27.08
109,10061,4061,A03,S01,R01,Household,35.56
109,10062,4062,A08,S06,R01,Bakery,27.49
109,10063,4063,A06,S05,R03,Beverages,5.49
109,10064,4064,A03,S04,R01,Bakery,8.58
109,10065,4065,A08,S01,R01,Personal Care,27.14
109,10066,4066,A01,S07,R01,Beverages,11.54
109,10067,4067,A02,S01,R04,Vegetables,15.93
109,10068,4068,A05,S06,R05,Fruits,14.22
109,10069,4069,A06,S03,R03,Snacks,41.47
109,10070,4070,A02,S05,R03,Personal Care,16.0
109,10071,4071,A08,S04,R04,Frozen,22.49
109,10072,4072,A07,S01,R01,Beverages,4.14
109,10073,4073,A04,S01,R04,Bakery,21.36
109,10074,4074,A11,S05,R04,Staples,23.9
109,10075,4075,A05,S06,R03,Personal Care,32.03
109,10076,4076,A04,S03,R03,Household,31.18
109,10077,4077,A08,S06,R02,Dairy,39.86
109,10078,4078,A12,S06,R05,Vegetables,27.65
109,10079,4079,A04,S07,R02,Household,24.23
109,10080,4080,A06,S06,R04,Staples,8.28
109,10081,4081,A05,S02,R01,Beverages,8.12
109,10082,4082,A07,S03,R05,Staples,24.25
109,10083,4083,A11,S01,R05,Staples,9.18
109,10084,4084,A02,S04,R05,Vegetables,16.37
109,10085,4085,A09,S07,R05,Staples,28.01
109,10086,4086,A01,S05,R01,Fruits,33.84
109,10087,4087,A08,S05,R05,Fruits,31.66
109,10088,4088,A08,S05,R05,Personal Care,17.7
109,10089,4089,A11,S05,R01,Personal Care,41.81
109,10090,4090,A10,S03,R04,Bakery,8.04
109,10091,4091,A09,S06,R03,Staples,18.34
109,10092,4092,A04,S04,R01,Bakery,6.93
109,10093,4093,A03,S03,R04,Staples,39.57
109,10094,4094,A05,S04,R03,Dairy,29.5
109,10095,4095,A01,S05,R03,Household,37.2
109,10096,4096,A09,S02,R02,Household,33.06
109,10097,4097,A10,S05,R05,Household,13.02
109,10098,4098,A05,S06,R02,Personal Care,8.96
109,10099,4099,A08,S02,R05,Beverages,16.87
109,10100,4100,A01,S06,R05,Household,16.23
109,10101,4101,A03,S06,R05,Fruits,12.27
109,10102,4102,A07,S03,R02,Household,35.62
109,10103,4103,A11,S04,R04,Snacks,20.56
109,10104,4104,A11,S02,R02,Beverages,25.37
109,10105,4105,A03,S05,R05,Snacks,12.32
109,10106,4106,A04,S03,R03,Snacks,22.99
109,10107,4107,A02,S07,R03,Dairy,40.42
109,10108,4108,A06,S04,R05,Bakery,21.62
109,10109,4109,A11,S05,R01,Fruits,20.9
109,10110,4110,A09,S06,R03,Bakery,37.11
109,10111,4111,A11,S03,R01,Beverages,22.67
109,10112,4112,A05,S04,R04,Personal Care,35.75
109,10113,4113,A10,S03,R01,Personal Care,30.4
109,10114,4114,A06,S05,R03,Beverages,19.69
109,10115,4115,A09,S05,R01,Staples,21.79
109,10116,4116,A08,S03,R02,Snacks,27.56
109,10117,4117,A08,S02,R04,Dairy,19.8
109,10118,4118,A10,S05,R05,Household,37.54
109,10119,4119,A05,S03,R03,Snacks,13.86
109,10120,4120,A06,S01,R05,Personal Care,33.15
109,10121,4121,A01,S07,R05,Snacks,20.65
109,10122,4122,A08,S07,R02,Snacks,15.38
109,10123,4123,A03,S03,R05,Dairy,19.44
109,10124,4124,A05,S02,R05,Snacks,33.9
109,10125,4125,A03,S07,R01,Household,8.48
109,10126,4126,A05,S04,R05,Vegetables,18.8
109,10127,4127,A09,S02,R05,Personal Care,16.94
109,10128,4128,A02,S05,R03,Dairy,23.9
109,10129,4129,A01,S02,R03,Vegetables,27.59
109,10130,4130,A03,S04,R02,Beverages,18.78
109,10131,4131,A04,S02,R05,Frozen,34.51
109,10132,4132,A03,S07,R01,Fruits,23.36
109,10133,4133,A01,S07,R03,Fruits,30.5
109,10134,4134,A09,S07,R05,Beverages,29.31
109,10135,4135,A01,S02,R01,Frozen,26.29
109,10136,4136,A05,S06,R04,Staples,20.25
109,10137,4137,A09,S07,R04,Dairy,26.24
109,10138,4138,A03,S06,R04,Fruits,12.37
109,10139,4139,A06,S04,R03,Staples,27.75
109,10140,4140,A10,S01,R02,Dairy,35.91
109,10141,4141,A08,S04,R01,Staples,20.87
109,10142,4142,A06,S07,R05,Fruits,35.5
109,10143,4143,A10,S03,R04,Frozen,6.1
109,10144,4144,A09,S03,R01,Fruits,23.0
109,10145,4145,A04,S06,R01,Beverages,7.85
109,10146,4146,A10,S02,R02,Personal Care,5.09
109,10147,4147,A04,S02,R01,Bakery,30.09
109,10148,4148,A05,S06,R03,Snacks,34.15
109,10149,4149,A03,S02,R03,Snacks,34.64
109,10150,4150,A08,S01,R03,Household,13.01
109,10151,4151,A04,S07,R02,Frozen,31.13
109,10152,4152,A01,S05,R04,Personal Care,27.01
109,10153,4153,A01,S03,R01,Beverages,13.65
109,10154,4154,A07,S05,R04,Beverages,34.25
109,10155,4155,A07,S04,R01,Beverages,40.41
109,10156,4156,A02,S02,R03,Staples,36.75
109,10157,4157,A12,S04,R04,Vegetables,12.41
109,10158,4158,A04,S04,R02,Bakery,25.68
109,10159,4159,A08,S03,R05,Vegetables,25.8
109,10160,4160,A12,S04,R01,Dairy,15.74
109,10161,4161,A03,S02,R03,Bakery,28.55
109,10162,4162,A07,S05,R03,Dairy,16.73
109,10163,4163,A08,S02,R05,Household,38.79
109,10164,4164,A04,S06,R02,Household,20.4
109,10165,4165,A06,S02,R05,Personal Care,5.96
109,10166,4166,A11,S02,R02,Beverages,30.14
109,10167,4167,A10,S05,R02,Household,21.77
109,10168,4168,A05,S05,R01,Bakery,7.88
109,10169,4169,A07,S02,R03,Frozen,37.58
109,10170,4170,A02,S07,R05,Snacks,17.43
109,10171,4171,A07,S01,R02,Frozen,33.2
109,10172,4172,A08,S02,R01,Bakery,14.99
109,10173,4173,A06,S01,R02,Beverages,40.92
109,10174,4174,A11,S04,R05,Personal Care,30.57
109,10175,4175,A11,S05,R01,Beverages,32.49
109,10176,4176,A07,S07,R02,Beverages,16.89
109,10177,4177,A04,S01,R01,Bakery,19.24
109,10178,4178,A08,S05,R04,Vegetables,10.97
109,10179,4179,A08,S06,R01,Fruits,5.24
109,10180,4180,A04,S03,R05,Vegetables,29.42
109,10181,4181,A01,S04,R05,Personal Care,6.03
109,10182,4182,A03,S06,R05,Personal Care,37.15
109,10183,4183,A03,S03,R03,Personal Care,10.45
109,10184,4184,A06,S02,R02,Vegetables,39.98
109,10185,4185,A10,S01,R01,Frozen,9.19
109,10186,4186,A04,S04,R01,Dairy,4.83
109,10187,4187,A10,S02,R03,Vegetables,15.23
109,10188,4188,A08,S03,R03,Bakery,34.56
109,10189,4189,A08,S06,R03,Vegetables,25.57
109,10190,4190,A03,S06,R02,Frozen,33.04
109,10191,4191,A03,S06,R05,Vegetables,13.28
109,10192,4192,A09,S07,R05,Frozen,37.19
109,10193,4193,A09,S04,R05,Beverages,8.37
109,10194,4194,A02,S02,R02,Personal Care,6.03
109,10195,4195,A05,S01,R01,Beverages,12.84
109,10196,4196,A09,S07,R04,Fruits,12.55
109,10197,4197,A07,S05,R04,Household,5.55
109,10198,4198,A04,S07,R04,Frozen,20.41
109,10199,4199,A11,S02,R04,Fruits,13.07
109,10200,4200,A06,S05,R01,Household,8.57
109,10201,4201,A12,S07,R04,Fruits,33.83
109,10202,4202,A06,S05,R01,Household,32.21
109,10203,4203,A03,S05,R02,Household,13.42
109,10204,4204,A10,S06,R02,Beverages,9.55
109,10205,4205,A08,S02,R01,Household,7.48
109,10206,4206,A12,S03,R03,Fruits,36.31
109,10207,4207,A11,S04,R05,Dairy,39.64
109,10208,4208,A09,S07,R03,Dairy,9.54
109,10209,4209,A09,S03,R04,Beverages,27.51
109,10210,4210,A03,S05,R05,Frozen,16.0
109,10211,4211,A04,S06,R04,Bakery,37.96
109,10212,4212,A02,S05,R05,Beverages,27.21
109,10213,4213,A06,S03,R04,Household,10.87
109,10214,4214,A11,S07,R02,Fruits,11.83
109,10215,4215,A02,S06,R03,Household,22.96
109,10216,4216,A06,S07,R04,Vegetables,39.24
109,10217,4217,A05,S03,R01,Staples,25.08
109,10218,4218,A03,S04,R03,Snacks,14.07
109,10219,4219,A12,S05,R01,Snacks,41.41
109,10220,4220,A02,S02,R03,Bakery,6.93
109,10221,4221,A08,S07,R05,Beverages,27.92
109,10222,4222,A05,S04,R05,Staples,16.41
109,10223,4223,A01,S07,R05,Dairy,36.19
109,10224,4224,A03,S02,R01,Household,19.1
109,10225,4225,A03,S07,R03,Beverages,6.15
109,10226,4226,A07,S01,R02,Household,17.48
109,10227,4227,A04,S07,R04,Personal Care,33.13
109,10228,4228,A10,S04,R01,Beverages,10.78
109,10229,4229,A12,S06,R04,Vegetables,34.64
109,10230,4230,A01,S03,R02,Personal Care,23.48
109,10231,4231,A01,S01,R02,Bakery,11.36
109,10232,4232,A12,S06,R05,Snacks,38.36
109,10233,4233,A02,S01,R05,Dairy,12.94
109,10234,4234,A01,S05,R05,Personal Care,18.33
109,10235,4235,A02,S01,R04,Personal Care,39.92
109,10236,4236,A01,S05,R01,Dairy,41.63
109,10237,4237,A03,S03,R03,Household,22.2
109,10238,4238,A02,S05,R03,Beverages,14.28
109,10239,4239,A01,S03,R04,Household,10.77
109,10240,4240,A08,S07,R05,Dairy,13.19
109,10241,4241,A04,S07,R04,Bakery,5.86
109,10242,4242,A12,S02,R03,Beverages,28.29
109,10243,4243,A08,S07,R05,Bakery,34.46
109,10244,4244,A06,S02,R01,Vegetables,5.23
109,10245,4245,A05,S07,R02,Personal Care,39.37
109,10246,4246,A02,S06,R05,Bakery,9.75
109,10247,4247,A09,S05,R05,Personal Care,34.5
109,10248,4248,A01,S07,R03,Bakery,12.56
109,10249,4249,A02,S07,R02,Bakery,19.87
109,10250,4250,A12,S05,R05,Snacks,30.31
109,10251,4251,A06,S05,R01,Household,34.76
109,10252,4252,A02,S04,R04,Bakery,15.16
109,10253,4253,A01,S02,R05,Fruits,19.88
109,10254,4254,A10,S03,R02,Frozen,14.9
109,10255,4255,A01,S05,R04,Frozen,26.08
109,10256,4256,A03,S05,R05,Snacks,9.21
109,10257,4257,A08,S05,R04,Beverages,14.62
109,10258,4258,A04,S02,R01,Vegetables,37.01
109,10259,4259,A02,S02,R02,Personal Care,26.95
109,10260,4260,A12,S06,R03,Snacks,40.33
109,10261,4261,A05,S04,R05,Fruits,11.23
109,10262,4262,A09,S04,R04,Dairy,38.82
109,10263,4263,A07,S07,R03,Bakery,30.13
109,10264,4264,A05,S05,R01,Frozen,39.71
109,10265,4265,A08,S07,R04,Beverages,21.41
109,10266,4266,A02,S03,R02,Beverages,5.72
109,10267,4267,A03,S05,R01,Beverages,25.4
109,10268,4268,A08,S05,R01,Household,18.11
109,10269,4269,A05,S06,R02,Dairy,13.01
109,10270,4270,A10,S03,R05,Dairy,8.98
109,10271,4271,A05,S06,R05,Fruits,8.75
109,10272,4272,A08,S03,R04,Beverages,41.25
109,10273,4273,A08,S04,R03,Personal Care,40.78
109,10274,4274,A08,S04,R05,Beverages,39.73
109,10275,4275,A10,S04,R02,Beverages,5.92
109,10276,4276,A02,S04,R02,Frozen,33.01
109,10277,4277,A11,S07,R04,Bakery,9.0
109,10278,4278,A12,S02,R01,Snacks,16.55
109,10279,4279,A07,S02,R01,Snacks,32.67
109,10280,4280,A07,S01,R02,Beverages,12.96
109,10281,4281,A06,S07,R05,Staples,38.9
109,10282,4282,A04,S04,R04,Fruits,8.06
109,10283,4283,A08,S06,R04,Frozen,17.99
109,10284,4284,A09,S04,R02,Vegetables,14.05
109,10285,4285,A01,S04,R01,Snacks,22.01
109,10286,4286,A10,S02,R02,Snacks,8.87
109,10287,4287,A10,S06,R02,Staples,31.21
109,10288,4288,A10,S04,R02,Beverages,10.87
109,10289,4289,A03,S01,R04,Fruits,9.29
109,10290,4290,A12,S06,R02,Dairy,32.65
109,10291,4291,A04,S05,R02,Vegetables,38.93
109,10292,4292,A01,S02,R05,Staples,37.77
109,10293,4293,A06,S03,R03,Dairy,13.96
109,10294,4294,A05,S07,R01,Staples,35.45
109,10295,4295,A03,S05,R01,Snacks,12.89
109,10296,4296,A06,S06,R02,Bakery,10.62
109,10297,4297,A12,S05,R01,Vegetables,15.33
109,10298,4298,A01,S03,R03,Snacks,37.43
109,10299,4299,A08,S05,R05,Vegetables,22.42
109,10300,4300,A06,S04,R04,Bakery,18.5
109,10301,4301,A12,S03,R01,Personal Care,19.4
109,10302,4302,A09,S03,R01,Personal Care,35.65
109,10303,4303,A12,S06,R01,Bakery,39.83
109,10304,4304,A06,S06,R04,Fruits,14.61
109,10305,4305,A09,S02,R02,Fruits,22.12
109,10306,4306,A07,S01,R02,Personal Care,29.09
109,10307,4307,A09,S03,R03,Household,19.94
109,10308,4308,A08,S01,R03,Household,24.17
109,10309,4309,A06,S04,R01,Frozen,34.75
109,10310,4310,A04,S01,R05,Household,27.62
109,10311,4311,A12,S03,R04,Vegetables,8.58
109,10312,4312,A08,S07,R03,Bakery,28.27
109,10313,4313,A08,S03,R05,Personal Care,22.41
109,10314,4314,A12,S07,R05,Frozen,36.32
109,10315,4315,A10,S02,R01,Frozen,36.49
109,10316,4316,A10,S07,R05,Fruits,7.25
109,10317,4317,A03,S07,R04,Fruits,13.03
109,10318,4318,A03,S07,R03,Dairy,29.36
109,10319,4319,A07,S01,R01,Bakery,4.97
109,10320,4320,A05,S02,R04,Snacks,11.46
109,10321,4321,A08,S02,R02,Snacks,23.82
109,10322,4322,A05,S02,R05,Vegetables,14.65
109,10323,4323,A02,S05,R01,Vegetables,14.69
109,10324,4324,A09,S05,R01,Staples,14.11
109,10325,4325,A07,S04,R02,Beverages,6.95
109,10326,4326,A01,S07,R03,Staples,18.76
109,10327,4327,A11,S05,R04,Frozen,5.7
109,10328,4328,A07,S05,R04,Vegetables,39.49
109,10329,4329,A05,S07,R04,Fruits,18.82
109,10330,4330,A01,S02,R01,Frozen,17.24
109,10331,4331,A09,S04,R05,Personal Care,10.82
109,10332,4332,A12,S07,R05,Fruits,40.29
109,10333,4333,A06,S05,R04,Personal Care,35.91
109,10334,4334,A05,S06,R03,Snacks,8.89
109,10335,4335,A11,S03,R03,Frozen,41.82
109,10336,4336,A10,S04,R03,Fruits,24.69
109,10337,4337,A10,S04,R01,Frozen,14.16
109,10338,4338,A09,S05,R03,Frozen,10.1
109,10339,4339,A09,S06,R03,Bakery,33.75
109,10340,4340,A08,S07,R03,Bakery,25.51
109,10341,4341,A03,S05,R02,Snacks,8.56
109,10342,4342,A05,S06,R04,Dairy,31.75
109,10343,4343,A09,S02,R03,Fruits,41.71
109,10344,4344,A03,S03,R04,Beverages,30.32
109,10345,4345,A11,S07,R01,Frozen,41.31
109,10346,4346,A07,S01,R05,Frozen,12.22
109,10347,4347,A10,S01,R05,Bakery,27.34
109,10348,4348,A03,S02,R01,Staples,19.96
109,10349,4349,A12,S07,R04,Dairy,28.95
109,10350,4350,A12,S03,R03,Household,34.65
109,10351,4351,A08,S04,R01,Staples,14.67
109,10352,4352,A07,S06,R01,Staples,30.62
109,10353,4353,A02,S05,R02,Fruits,30.66
109,10354,4354,A07,S04,R02,Staples,13.83
109,10355,4355,A01,S03,R04,Bakery,34.23
109,10356,4356,A05,S03,R01,Snacks,10.07
109,10357,4357,A12,S06,R05,Beverages,30.25
109,10358,4358,A06,S06,R05,Vegetables,32.23
109,10359,4359,A12,S02,R05,Dairy,25.72
109,10360,4360,A03,S06,R01,Household,41.79
109,10361,4361,A04,S04,R03,Vegetables,8.68
109,10362,4362,A09,S07,R02,Personal Care,39.0
109,10363,4363,A12,S07,R02,Beverages,12.05
109,10364,4364,A03,S01,R05,Vegetables,23.65
109,10365,4365,A05,S05,R05,Staples,16.68
109,10366,4366,A07,S06,R05,Dairy,13.04
109,10367,4367,A12,S02,R03,Household,25.76
109,10368,4368,A10,S02,R05,Household,29.59
109,10369,4369,A06,S03,R01,Vegetables,8.59
109,10370,4370,A07,S06,R01,Fruits,21.35
109,10371,4371,A06,S04,R04,Dairy,34.93
109,10372,4372,A01,S01,R01,Frozen,19.93
109,10373,4373,A12,S04,R03,Frozen,14.37
109,10374,4374,A08,S04,R03,Fruits,28.7
109,10375,4375,A05,S03,R02,Dairy,33.13
109,10376,4376,A08,S01,R01,Bakery,34.38
109,10377,4377,A04,S04,R04,Dairy,37.0
109,10378,4378,A12,S04,R05,Staples,16.6
109,10379,4379,A09,S01,R04,Staples,23.76
109,10380,4380,A02,S01,R04,Bakery,6.1
109,10381,4381,A05,S02,R01,Household,16.48
109,10382,4382,A06,S01,R03,Bakery,31.33
109,10383,4383,A04,S05,R05,Vegetables,28.4
109,10384,4384,A08,S04,R02,Snacks,15.74
109,10385,4385,A08,S07,R04,Household,24.44
109,10386,4386,A05,S07,R04,Staples,8.44
109,10387,4387,A12,S07,R02,Dairy,30.06
109,10388,4388,A05,S01,R02,Bakery,38.4
109,10389,4389,A08,S07,R01,Fruits,33.18
109,10390,4390,A07,S07,R05,Vegetables,14.93
109,10391,4391,A11,S02,R02,Frozen,36.06
109,10392,4392,A02,S03,R05,Household,29.45
109,10393,4393,A09,S03,R04,Vegetables,22.39
109,10394,4394,A03,S06,R02,Frozen,17.31
109,10395,4395,A05,S02,R02,Beverages,17.03
109,10396,4396,A08,S05,R04,Snacks,9.94
109,10397,4397,A12,S03,R03,Beverages,27.56
109,10398,4398,A01,S02,R03,Bakery,15.44
109,10399,4399,A12,S01,R02,Frozen,37.6
109,10400,4400,A05,S05,R02,Dairy,17.7
109,10401,4401,A02,S05,R01,Bakery,39.92
109,10402,4402,A11,S06,R03,Fruits,25.68
109,10403,4403,A08,S07,R01,Fruits,9.76
109,10404,4404,A01,S07,R05,Bakery,39.09
109,10405,4405,A01,S06,R03,Dairy,38.27
109,10406,4406,A11,S03,R02,Personal Care,16.36
109,10407,4407,A08,S01,R04,Frozen,23.4
109,10408,4408,A09,S06,R05,Bakery,36.65
109,10409,4409,A07,S02,R01,Fruits,6.26
109,10410,4410,A02,S02,R03,Snacks,32.07
109,10411,4411,A11,S07,R04,Frozen,30.81
109,10412,4412,A09,S07,R01,Personal Care,36.74
109,10413,4413,A12,S06,R02,Household,30.77
109,10414,4414,A06,S02,R04,Snacks,23.97
109,10415,4415,A10,S01,R02,Beverages,18.02
109,10416,4416,A03,S05,R05,Bakery,32.53
109,10417,4417,A08,S06,R05,Staples,8.52
109,10418,4418,A11,S02,R02,Staples,21.63
109,10419,4419,A07,S02,R02,Dairy,34.05
109,10420,4420,A12,S04,R03,Household,9.41
109,10421,4421,A07,S04,R01,Dairy,40.97
109,10422,4422,A10,S01,R02,Household,10.34
109,10423,4423,A08,S04,R01,Staples,8.51
109,10424,4424,A12,S03,R04,Bakery,29.59
109,10425,4425,A07,S02,R01,Beverages,32.39
109,10426,4426,A07,S02,R04,Bakery,30.06
109,10427,4427,A12,S06,R02,Snacks,18.73
109,10428,4428,A04,S06,R03,Frozen,19.2
109,10429,4429,A07,S06,R04,Dairy,12.93
109,10430,4430,A04,S04,R02,Vegetables,6.77
109,10431,4431,A11,S07,R03,Frozen,29.33
109,10432,4432,A04,S06,R01,Vegetables,4.07
109,10433,4433,A08,S04,R01,Bakery,16.47
109,10434,4434,A08,S01,R02,Beverages,9.27
109,10435,4435,A02,S06,R01,Snacks,6.56
109,10436,4436,A09,S01,R02,Personal Care,14.71
109,10437,4437,A12,S01,R05,Vegetables,31.72
109,10438,4438,A04,S03,R04,Frozen,18.73
109,10439,4439,A11,S01,R04,Snacks,22.64
109,10440,4440,A06,S03,R02,Fruits,20.91
109,10441,4441,A06,S01,R02,Frozen,29.91
109,10442,4442,A12,S01,R01,Frozen,40.22
109,10443,4443,A08,S06,R01,Beverages,31.63
109,10444,4444,A10,S02,R05,Dairy,7.73
109,10445,4445,A11,S03,R01,Snacks,25.78
109,10446,4446,A04,S01,R01,Snacks,7.94
109,10447,4447,A02,S02,R02,Bakery,36.96
109,10448,4448,A04,S05,R01,Personal Care,12.05
109,10449,4449,A11,S02,R04,Staples,41.25
109,10450,4450,A10,S07,R04,Bakery,37.8
109,10451,4451,A08,S03,R03,Household,14.99
109,10452,4452,A11,S02,R03,Bakery,4.31
109,10453,4453,A11,S02,R04,Household,35.13
109,10454,4454,A06,S01,R05,Beverages,17.28
109,10455,4455,A07,S07,R03,Dairy,36.12
109,10456,4456,A01,S02,R05,Frozen,21.07
109,10457,4457,A12,S07,R03,Bakery,14.72
109,10458,4458,A03,S01,R01,Snacks,28.49
109,10459,4459,A07,S04,R05,Bakery,27.35
109,10460,4460,A10,S01,R05,Frozen,13.03
109,10461,4461,A11,S07,R04,Household,15.81
109,10462,4462,A08,S04,R01,Staples,41.71
109,10463,4463,A02,S04,R02,Beverages,40.9
109,10464,4464,A05,S05,R04,Beverages,18.23
109,10465,4465,A02,S06,R03,Personal Care,21.03
109,10466,4466,A01,S07,R04,Household,38.7
109,10467,4467,A06,S05,R03,Staples,31.64
109,10468,4468,A01,S07,R01,Dairy,5.48
109,10469,4469,A09,S04,R04,Personal Care,11.26
109,10470,4470,A03,S03,R01,Bakery,30.52
109,10471,4471,A01,S06,R03,Fruits,10.42
109,10472,4472,A05,S06,R02,Staples,8.53
109,10473,4473,A08,S03,R02,Fruits,9.22
109,10474,4474,A12,S02,R01,Household,31.53
109,10475,4475,A12,S03,R05,Beverages,6.06
109,10476,4476,A10,S03,R01,Fruits,13.28
109,10477,4477,A09,S01,R02,Vegetables,6.45
109,10478,4478,A09,S07,R04,Snacks,30.34
109,10479,4479,A02,S05,R05,Household,26.88
109,10480,4480,A09,S06,R03,Personal Care,38.04
109,10481,4481,A01,S06,R03,Frozen,21.03
109,10482,4482,A03,S01,R02,Staples,24.02
109,10483,4483,A12,S02,R03,Household,11.05
109,10484,4484,A02,S05,R03,Personal Care,17.59
109,10485,4485,A06,S05,R03,Fruits,24.07
109,10486,4486,A04,S05,R02,Beverages,29.09
109,10487,4487,A11,S06,R01,Bakery,15.24
109,10488,4488,A03,S07,R05,Vegetables,7.22
109,10489,4489,A12,S03,R02,Frozen,30.6
109,10490,4490,A12,S04,R02,Beverages,9.55
109,10491,4491,A05,S01,R05,Bakery,33.51
109,10492,4492,A09,S05,R01,Personal Care,9.58
109,10493,4493,A04,S07,R03,Frozen,6.49
109,10494,4494,A05,S02,R02,Staples,15.05
109,10495,4495,A04,S01,R02,Fruits,19.39
109,10496,4496,A06,S07,R02,Beverages,31.29
109,10497,4497,A10,S06,R03,Snacks,41.14
109,10498,4498,A01,S07,R02,Fruits,15.51
109,10499,4499,A12,S02,R04,Fruits,16.77
109,10500,4500,A11,S01,R01,Fruits,33.71
110,10001,4501,A09,S05,R03,Snacks,6.85
110,10002,4502,A05,S06,R05,Frozen,6.54
110,10003,4503,A11,S01,R01,Household,5.51
110,10004,4504,A11,S06,R03,Household,13.91
110,10005,4505,A04,S06,R03,Household,21.41
110,10006,4506,A03,S07,R01,Household,29.29
110,10007,4507,A01,S03,R04,Snacks,13.27
110,10008,4508,A09,S03,R02,Bakery,24.21
110,10009,4509,A02,S01,R04,Staples,25.86
110,10010,4510,A10,S07,R04,Beverages,25.87
110,10011,4511,A10,S07,R02,Snacks,31.69
110,10012,4512,A08,S02,R04,Vegetables,16.39
110,10013,4513,A09,S01,R02,Bakery,29.75
110,10014,4514,A08,S07,R03,Frozen,23.67
110,10015,4515,A05,S07,R04,Household,16.29
110,10016,4516,A03,S05,R05,Personal Care,17.58
110,10017,4517,A01,S01,R03,Beverages,15.64
110,10018,4518,A04,S03,R03,Staples,19.01
110,10019,4519,A05,S03,R03,Snacks,20.26
110,10020,4520,A03,S05,R03,Beverages,14.6
110,10021,4521,A10,S02,R05,Beverages,20.5
110,10022,4522,A09,S01,R02,Fruits,11.91
110,10023,4523,A04,S05,R05,Dairy,19.73
110,10024,4524,A10,S06,R05,Snacks,27.16
110,10025,4525,A11,S04,R04,Staples,28.74
110,10026,4526,A06,S02,R03,Dairy,30.79
110,10027,4527,A09,S03,R02,Staples,15.43
110,10028,4528,A02,S03,R03,Staples,9.06
110,10029,4529,A04,S07,R04,Fruits,12.98
110,10030,4530,A11,S06,R05,Personal Care,29.31
110,10031,4531,A12,S04,R04,Bakery,5.72
110,10032,4532,A07,S07,R04,Household,17.1
110,10033,4533,A06,S05,R03,Household,25.64
110,10034,4534,A10,S05,R01,Vegetables,23.18
110,10035,4535,A09,S01,R04,Dairy,12.76
110,10036,4536,A10,S06,R04,Frozen,26.24
110,10037,4537,A08,S01,R04,Beverages,11.85
110,10038,4538,A03,S05,R02,Staples,16.05
110,10039,4539,A11,S05,R01,Personal Care,5.35
110,10040,4540,A09,S03,R04,Household,9.77
110,10041,4541,A04,S03,R01,Household,25.23
110,10042,4542,A04,S04,R01,Bakery,31.58
110,10043,4543,A01,S01,R03,Vegetables,13.79
110,10044,4544,A06,S03,R05,Beverages,9.51
110,10045,4545,A10,S06,R05,Beverages,28.01
110,10046,4546,A10,S03,R01,Dairy,26.34
110,10047,4547,A10,S02,R05,Snacks,13.11
110,10048,4548,A06,S06,R01,Bakery,22.51
110,10049,4549,A06,S03,R04,Household,20.61
110,10050,4550,A07,S02,R01,Personal Care,16.99
110,10051,4551,A10,S05,R03,Frozen,13.38
110,10052,4552,A03,S07,R02,Household,15.67
110,10053,4553,A03,S01,R02,Vegetables,14.8
110,10054,4554,A04,S01,R04,Frozen,30.95
110,10055,4555,A06,S03,R03,Beverages,12.36
110,10056,4556,A09,S03,R03,Vegetables,14.18
110,10057,4557,A03,S05,R02,Frozen,9.43
110,10058,4558,A11,S06,R05,Vegetables,8.84
110,10059,4559,A03,S07,R04,Dairy,14.09
110,10060,4560,A02,S06,R05,Beverages,11.57
110,10061,4561,A08,S07,R03,Household,29.47
110,10062,4562,A11,S07,R01,Bakery,32.26
110,10063,4563,A02,S01,R03,Beverages,14.31
110,10064,4564,A06,S03,R04,Bakery,35.11
110,10065,4565,A11,S01,R01,Personal Care,35.64
110,10066,4566,A05,S02,R01,Beverages,29.71
110,10067,4567,A02,S02,R04,Vegetables,4.23
110,10068,4568,A06,S01,R03,Fruits,13.1
110,10069,4569,A11,S05,R03,Snacks,34.68
110,10070,4570,A02,S03,R03,Personal Care,41.86
110,10071,4571,A03,S02,R04,Frozen,37.04
110,10072,4572,A10,S01,R04,Beverages,36.07
110,10073,4573,A06,S04,R03,Bakery,18.75
110,10074,4574,A07,S05,R04,Staples,18.06
110,10075,4575,A11,S06,R01,Personal Care,38.4
110,10076,4576,A08,S01,R01,Household,16.82
110,10077,4577,A11,S05,R01,Dairy,14.62
110,10078,4578,A09,S01,R03,Vegetables,22.06
110,10079,4579,A01,S06,R03,Household,36.43
110,10080,4580,A06,S05,R02,Staples,15.22
110,10081,4581,A08,S01,R02,Beverages,18.94
110,10082,4582,A02,S03,R04,Staples,28.64
110,10083,4583,A04,S04,R01,Staples,23.34
110,10084,4584,A12,S05,R05,Vegetables,28.83
110,10085,4585,A07,S06,R04,Staples,30.69
110,10086,4586,A06,S07,R03,Fruits,35.44
110,10087,4587,A08,S03,R01,Fruits,35.65
110,10088,4588,A01,S03,R04,Personal Care,41.97
110,10089,4589,A03,S07,R04,Personal Care,15.08
110,10090,4590,A06,S06,R04,Bakery,6.46
110,10091,4591,A11,S03,R03,Staples,36.79
110,10092,4592,A10,S02,R01,Bakery,23.26
110,10093,4593,A11,S04,R01,Staples,7.9
110,10094,4594,A09,S05,R02,Dairy,11.65
110,10095,4595,A08,S01,R01,Household,23.68
110,10096,4596,A09,S02,R01,Household,12.69
110,10097,4597,A09,S04,R05,Household,20.43
110,10098,4598,A03,S02,R05,Personal Care,33.26
110,10099,4599,A04,S02,R03,Beverages,27.41
110,10100,4600,A04,S05,R02,Household,31.89
110,10101,4601,A09,S04,R04,Fruits,16.32
110,10102,4602,A09,S02,R03,Household,38.51
110,10103,4603,A02,S03,R04,Snacks,8.42
110,10104,4604,A03,S03,R04,Beverages,40.21
110,10105,4605,A05,S01,R05,Snacks,38.63
110,10106,4606,A02,S02,R01,Snacks,16.19
110,10107,4607,A07,S07,R05,Dairy,10.52
110,10108,4608,A05,S03,R04,Bakery,16.29
110,10109,4609,A05,S01,R04,Fruits,8.62
110,10110,4610,A11,S06,R03,Bakery,5.51
110,10111,4611,A07,S07,R01,Beverages,15.78
110,10112,4612,A07,S04,R04,Personal Care,7.25
110,10113,4613,A07,S01,R02,Personal Care,24.97
110,10114,4614,A07,S07,R01,Beverages,36.64
110,10115,4615,A04,S03,R01,Staples,15.5
110,10116,4616,A08,S07,R02,Snacks,23.39
110,10117,4617,A02,S01,R02,Dairy,20.78
110,10118,4618,A01,S07,R05,Household,39.59
110,10119,4619,A09,S05,R05,Snacks,13.71
110,10120,4620,A03,S02,R05,Personal Care,9.59
110,10121,4621,A04,S01,R03,Snacks,15.63
110,10122,4622,A03,S07,R03,Snacks,25.26
110,10123,4623,A12,S03,R03,Dairy,22.6
110,10124,4624,A11,S05,R01,Snacks,12.58
110,10125,4625,A06,S04,R03,Household,34.71
110,10126,4626,A12,S02,R04,Vegetables,14.42
110,10127,4627,A01,S07,R05,Personal Care,31.84
110,10128,4628,A11,S04,R05,Dairy,36.67
110,10129,4629,A10,S06,R02,Vegetables,20.3
110,10130,4630,A04,S07,R04,Beverages,11.26
110,10131,4631,A07,S06,R03,Frozen,34.29
110,10132,4632,A01,S06,R04,Fruits,16.92
110,10133,4633,A06,S07,R03,Fruits,4.77
110,10134,4634,A12,S01,R04,Beverages,14.86
110,10135,4635,A11,S05,R03,Frozen,4.82
110,10136,4636,A09,S03,R04,Staples,21.44
110,10137,4637,A01,S02,R01,Dairy,27.41
110,10138,4638,A09,S01,R05,Fruits,30.28
110,10139,4639,A11,S01,R02,Staples,14.76
110,10140,4640,A03,S07,R02,Dairy,35.85
110,10141,4641,A02,S03,R01,Staples,8.8
110,10142,4642,A04,S03,R05,Fruits,20.08
110,10143,4643,A12,S01,R03,Frozen,33.32
110,10144,4644,A11,S02,R01,Fruits,26.65
110,10145,4645,A02,S06,R01,Beverages,32.68
110,10146,4646,A09,S06,R05,Personal Care,24.99
110,10147,4647,A02,S02,R04,Bakery,28.1
110,10148,4648,A04,S01,R04,Snacks,23.83
110,10149,4649,A08,S07,R02,Snacks,4.01
110,10150,4650,A02,S03,R02,Household,35.17
110,10151,4651,A04,S05,R04,Frozen,36.96
110,10152,4652,A05,S07,R05,Personal Care,39.78
110,10153,4653,A10,S07,R03,Beverages,12.04
110,10154,4654,A08,S03,R01,Beverages,35.0
110,10155,4655,A06,S05,R05,Beverages,15.2
110,10156,4656,A10,S03,R03,Staples,5.86
110,10157,4657,A04,S06,R05,Vegetables,40.71
110,10158,4658,A06,S01,R02,Bakery,10.89
110,10159,4659,A07,S02,R02,Vegetables,21.33
110,10160,4660,A10,S01,R05,Dairy,39.14
110,10161,4661,A12,S05,R03,Bakery,39.33
110,10162,4662,A03,S05,R04,Dairy,22.5
110,10163,4663,A09,S06,R05,Household,35.65
110,10164,4664,A05,S03,R03,Household,25.31
110,10165,4665,A08,S02,R04,Personal Care,21.36
110,10166,4666,A08,S01,R05,Beverages,32.65
110,10167,4667,A03,S02,R05,Household,39.28
110,10168,4668,A05,S06,R01,Bakery,33.48
110,10169,4669,A03,S03,R04,Frozen,25.54
110,10170,4670,A03,S05,R04,Snacks,37.49
110,10171,4671,A09,S02,R03,Frozen,41.68
110,10172,4672,A09,S07,R02,Bakery,32.6
110,10173,4673,A02,S06,R02,Beverages,27.86
110,10174,4674,A11,S04,R04,Personal Care,19.53
110,10175,4675,A03,S07,R02,Beverages,34.86
110,10176,4676,A05,S01,R05,Beverages,32.8
110,10177,4677,A03,S04,R02,Bakery,35.56
110,10178,4678,A08,S03,R01,Vegetables,15.93
110,10179,4679,A06,S06,R05,Fruits,39.94
110,10180,4680,A09,S02,R01,Vegetables,14.89
110,10181,4681,A08,S05,R03,Personal Care,5.39
110,10182,4682,A12,S04,R01,Personal Care,26.71
110,10183,4683,A03,S05,R04,Personal Care,36.68
110,10184,4684,A08,S03,R04,Vegetables,14.25
110,10185,4685,A04,S04,R01,Frozen,7.52
110,10186,4686,A03,S02,R05,Dairy,6.58
110,10187,4687,A11,S02,R02,Vegetables,5.94
110,10188,4688,A10,S05,R05,Bakery,36.06
110,10189,4689,A12,S07,R04,Vegetables,35.83
110,10190,4690,A06,S04,R04,Frozen,17.65
110,10191,4691,A02,S07,R01,Vegetables,15.38
110,10192,4692,A10,S05,R01,Frozen,14.8
110,10193,4693,A08,S07,R01,Beverages,31.72
110,10194,4694,A08,S05,R04,Personal Care,34.18
110,10195,4695,A01,S06,R04,Beverages,13.61
110,10196,4696,A11,S01,R05,Fruits,31.15
110,10197,4697,A03,S02,R05,Household,11.28
110,10198,4698,A09,S01,R02,Frozen,35.37
110,10199,4699,A08,S01,R03,Fruits,28.67
110,10200,4700,A08,S04,R01,Household,17.6
110,10201,4701,A09,S03,R04,Fruits,25.7
110,10202,4702,A11,S07,R01,Household,24.32
110,10203,4703,A09,S01,R01,Household,31.61
110,10204,4704,A05,S06,R01,Beverages,16.51
110,10205,4705,A02,S06,R03,Household,14.44
110,10206,4706,A02,S07,R03,Fruits,25.59
110,10207,4707,A01,S03,R01,Dairy,20.62
110,10208,4708,A05,S07,R03,Dairy,17.96
110,10209,4709,A08,S05,R01,Beverages,10.74
110,10210,4710,A02,S03,R05,Frozen,25.92
110,10211,4711,A08,S03,R02,Bakery,10.87
110,10212,4712,A04,S06,R04,Beverages,9.06
110,10213,4713,A09,S02,R05,Household,4.66
110,10214,4714,A11,S03,R02,Fruits,7.47
110,10215,4715,A07,S06,R05,Household,33.19
110,10216,4716,A07,S01,R05,Vegetables,7.83
110,10217,4717,A07,S04,R02,Staples,40.22
110,10218,4718,A09,S03,R02,Snacks,8.18
110,10219,4719,A10,S06,R04,Snacks,16.03
110,10220,4720,A04,S03,R01,Bakery,33.19
110,10221,4721,A07,S01,R02,Beverages,12.41
110,10222,4722,A10,S02,R05,Staples,11.9
110,10223,4723,A09,S02,R05,Dairy,23.85
110,10224,4724,A02,S05,R02,Household,25.42
110,10225,4725,A06,S01,R01,Beverages,22.0
110,10226,4726,A08,S05,R02,Household,29.7
110,10227,4727,A07,S07,R04,Personal Care,27.42
110,10228,4728,A06,S01,R01,Beverages,27.43
110,10229,4729,A03,S06,R03,Vegetables,19.07
110,10230,4730,A09,S06,R01,Personal Care,28.53
110,10231,4731,A06,S03,R05,Bakery,12.86
110,10232,4732,A09,S07,R02,Snacks,27.32
110,10233,4733,A03,S03,R02,Dairy,41.18
110,10234,4734,A02,S03,R04,Personal Care,27.43
110,10235,4735,A11,S07,R05,Personal Care,10.06
110,10236,4736,A09,S05,R05,Dairy,25.66
110,10237,4737,A05,S06,R01,Household,39.57
110,10238,4738,A02,S02,R03,Beverages,16.77
110,10239,4739,A03,S03,R02,Household,6.38
110,10240,4740,A02,S01,R02,Dairy,4.76
110,10241,4741,A01,S03,R04,Bakery,17.85
110,10242,4742,A12,S01,R01,Beverages,28.26
110,10243,4743,A07,S01,R04,Bakery,13.43
110,10244,4744,A02,S05,R01,Vegetables,15.17
110,10245,4745,A11,S05,R05,Personal Care,7.26
110,10246,4746,A09,S01,R02,Bakery,41.15
110,10247,4747,A08,S06,R01,Personal Care,11.92
110,10248,4748,A03,S03,R01,Bakery,37.59
110,10249,4749,A01,S06,R02,Bakery,31.08
110,10250,4750,A06,S04,R01,Snacks,38.21
110,10251,4751,A01,S03,R05,Household,9.38
110,10252,4752,A06,S01,R01,Bakery,26.79
110,10253,4753,A10,S07,R01,Fruits,18.86
110,10254,4754,A11,S06,R05,Frozen,11.79
110,10255,4755,A01,S03,R01,Frozen,33.78
110,10256,4756,A05,S07,R04,Snacks,26.13
110,10257,4757,A07,S02,R05,Beverages,27.04
110,10258,4758,A02,S05,R02,Vegetables,17.88
110,10259,4759,A04,S02,R05,Personal Care,23.11
110,10260,4760,A12,S04,R04,Snacks,16.14
110,10261,4761,A12,S04,R03,Fruits,37.06
110,10262,4762,A02,S04,R02,Dairy,31.69
110,10263,4763,A02,S07,R05,Bakery,25.92
110,10264,4764,A03,S04,R01,Frozen,11.8
110,10265,4765,A11,S04,R05,Beverages,38.43
110,10266,4766,A10,S06,R05,Beverages,35.58
110,10267,4767,A02,S04,R05,Beverages,25.56
110,10268,4768,A07,S01,R02,Household,12.12
110,10269,4769,A09,S01,R02,Dairy,6.31
110,10270,4770,A01,S07,R05,Dairy,22.89
110,10271,4771,A08,S03,R01,Fruits,8.36
110,10272,4772,A04,S06,R05,Beverages,19.79
110,10273,4773,A02,S06,R05,Personal Care,39.92
110,10274,4774,A03,S06,R04,Beverages,20.02
110,10275,4775,A04,S06,R03,Beverages,30.46
110,10276,4776,A06,S04,R02,Frozen,9.87
110,10277,4777,A12,S04,R04,Bakery,27.16
110,10278,4778,A08,S03,R04,Snacks,12.67
110,10279,4779,A12,S02,R05,Snacks,37.01
110,10280,4780,A05,S05,R01,Beverages,19.9
110,10281,4781,A03,S02,R02,Staples,15.92
110,10282,4782,A05,S03,R01,Fruits,39.43
110,10283,4783,A04,S01,R05,Frozen,15.65
110,10284,4784,A07,S03,R03,Vegetables,39.38
110,10285,4785,A02,S03,R05,Snacks,10.96
110,10286,4786,A09,S04,R03,Snacks,6.83
110,10287,4787,A11,S02,R04,Staples,39.68
110,10288,4788,A10,S05,R01,Beverages,34.67
110,10289,4789,A10,S07,R03,Fruits,19.3
110,10290,4790,A03,S06,R03,Dairy,11.47
110,10291,4791,A06,S05,R02,Vegetables,15.4
110,10292,4792,A06,S03,R02,Staples,38.43
110,10293,4793,A10,S03,R05,Dairy,34.87
110,10294,4794,A10,S05,R04,Staples,15.88
110,10295,4795,A07,S01,R03,Snacks,15.19
110,10296,4796,A09,S07,R05,Bakery,19.11
110,10297,4797,A10,S01,R01,Vegetables,16.29
110,10298,4798,A01,S03,R05,Snacks,15.22
110,10299,4799,A03,S07,R05,Vegetables,32.39
110,10300,4800,A01,S07,R02,Bakery,37.82
110,10301,4801,A05,S05,R03,Personal Care,18.9
110,10302,4802,A10,S04,R02,Personal Care,34.19
110,10303,4803,A02,S05,R05,Bakery,7.0
110,10304,4804,A07,S07,R05,Fruits,36.58
110,10305,4805,A01,S06,R03,Fruits,5.02
110,10306,4806,A10,S01,R03,Personal Care,41.1
110,10307,4807,A08,S05,R04,Household,41.62
110,10308,4808,A05,S01,R04,Household,11.54
110,10309,4809,A01,S06,R03,Frozen,18.73
110,10310,4810,A03,S07,R05,Household,14.81
110,10311,4811,A11,S07,R05,Vegetables,18.66
110,10312,4812,A06,S06,R02,Bakery,36.17
110,10313,4813,A03,S05,R05,Personal Care,31.05
110,10314,4814,A05,S06,R02,Frozen,28.73
110,10315,4815,A09,S02,R05,Frozen,29.75
110,10316,4816,A02,S06,R02,Fruits,16.61
110,10317,4817,A05,S03,R05,Fruits,28.95
110,10318,4818,A09,S01,R03,Dairy,8.36
110,10319,4819,A03,S05,R01,Bakery,39.62
110,10320,4820,A09,S06,R04,Snacks,19.99
110,10321,4821,A06,S05,R05,Snacks,30.34
110,10322,4822,A04,S03,R04,Vegetables,8.06
110,10323,4823,A02,S02,R05,Vegetables,24.89
110,10324,4824,A06,S02,R04,Staples,31.42
110,10325,4825,A08,S07,R03,Beverages,29.82
110,10326,4826,A12,S02,R04,Staples,36.76
110,10327,4827,A05,S02,R01,Frozen,31.93
110,10328,4828,A02,S04,R01,Vegetables,4.27
110,10329,4829,A06,S03,R02,Fruits,28.05
110,10330,4830,A06,S05,R03,Frozen,35.63
110,10331,4831,A12,S02,R01,Personal Care,25.2
110,10332,4832,A07,S03,R02,Fruits,28.16
110,10333,4833,A02,S05,R05,Personal Care,34.04
110,10334,4834,A02,S01,R02,Snacks,32.55
110,10335,4835,A09,S03,R05,Frozen,41.27
110,10336,4836,A01,S06,R03,Fruits,29.83
110,10337,4837,A07,S03,R05,Frozen,17.93
110,10338,4838,A06,S03,R05,Frozen,4.86
110,10339,4839,A12,S06,R04,Bakery,19.38
110,10340,4840,A08,S04,R04,Bakery,25.38
110,10341,4841,A08,S06,R05,Snacks,21.4
110,10342,4842,A04,S01,R04,Dairy,29.49
110,10343,4843,A10,S04,R01,Fruits,12.93
110,10344,4844,A11,S06,R05,Beverages,31.25
110,10345,4845,A12,S03,R04,Frozen,23.41
110,10346,4846,A09,S02,R05,Frozen,31.87
110,10347,4847,A07,S02,R03,Bakery,36.34
110,10348,4848,A02,S03,R04,Staples,4.82
110,10349,4849,A11,S07,R01,Dairy,37.31
110,10350,4850,A08,S02,R05,Household,34.95
110,10351,4851,A09,S06,R05,Staples,20.07
110,10352,4852,A07,S07,R03,Staples,37.86
110,10353,4853,A04,S06,R04,Fruits,9.21
110,10354,4854,A01,S01,R02,Staples,31.12
110,10355,4855,A01,S01,R01,Bakery,20.28
110,10356,4856,A11,S07,R04,Snacks,17.44
110,10357,4857,A10,S01,R05,Beverages,30.49
110,10358,4858,A10,S01,R04,Vegetables,20.37
110,10359,4859,A02,S07,R02,Dairy,23.82
110,10360,4860,A02,S01,R05,Household,26.56
110,10361,4861,A03,S04,R02,Vegetables,34.86
110,10362,4862,A06,S02,R05,Personal Care,37.1
110,10363,4863,A04,S04,R02,Beverages,7.19
110,10364,4864,A12,S01,R03,Vegetables,14.59
110,10365,4865,A06,S04,R04,Staples,17.11
110,10366,4866,A09,S05,R01,Dairy,36.67
110,10367,4867,A12,S06,R02,Household,8.0
110,10368,4868,A10,S06,R05,Household,25.3
110,10369,4869,A07,S04,R02,Vegetables,23.97
110,10370,4870,A07,S07,R05,Fruits,38.5
110,10371,4871,A07,S05,R02,Dairy,23.29
110,10372,4872,A01,S01,R04,Frozen,18.36
110,10373,4873,A02,S04,R03,Frozen,31.64
110,10374,4874,A07,S05,R03,Fruits,31.38
110,10375,4875,A03,S01,R03,Dairy,26.3
110,10376,4876,A08,S03,R05,Bakery,37.11
110,10377,4877,A08,S01,R05,Dairy,4.52
110,10378,4878,A05,S07,R03,Staples,30.59
110,10379,4879,A09,S07,R03,Staples,30.38
110,10380,4880,A05,S01,R01,Bakery,21.62
110,10381,4881,A02,S01,R02,Household,18.44
110,10382,4882,A01,S04,R02,Bakery,20.66
110,10383,4883,A01,S06,R01,Vegetables,31.33
110,10384,4884,A02,S03,R04,Snacks,41.78
110,10385,4885,A12,S01,R03,Household,18.98
110,10386,4886,A12,S02,R04,Staples,15.47
110,10387,4887,A03,S02,R04,Dairy,22.91
110,10388,4888,A09,S02,R03,Bakery,28.55
110,10389,4889,A04,S02,R05,Fruits,21.0
110,10390,4890,A01,S06,R04,Vegetables,5.21
110,10391,4891,A06,S05,R05,Frozen,37.5
110,10392,4892,A08,S02,R05,Household,16.11
110,10393,4893,A04,S01,R01,Vegetables,5.62
110,10394,4894,A09,S07,R05,Frozen,33.83
110,10395,4895,A07,S07,R02,Beverages,37.69
110,10396,4896,A07,S03,R04,Snacks,41.24
110,10397,4897,A02,S03,R03,Beverages,10.43
110,10398,4898,A12,S06,R04,Bakery,35.49
110,10399,4899,A11,S04,R04,Frozen,13.02
110,10400,4900,A04,S05,R01,Dairy,4.33
110,10401,4901,A05,S05,R02,Bakery,16.48
110,10402,4902,A10,S06,R01,Fruits,12.74
110,10403,4903,A09,S02,R02,Fruits,16.41
110,10404,4904,A05,S05,R03,Bakery,11.92
110,10405,4905,A12,S04,R03,Dairy,21.91
110,10406,4906,A04,S06,R03,Personal Care,25.51
110,10407,4907,A01,S04,R03,Frozen,19.41
110,10408,4908,A09,S07,R05,Bakery,28.87
110,10409,4909,A01,S02,R04,Fruits,40.23
110,10410,4910,A05,S05,R01,Snacks,41.34
110,10411,4911,A01,S02,R02,Frozen,33.64
110,10412,4912,A02,S07,R01,Personal Care,15.0
110,10413,4913,A01,S06,R03,Household,24.26
110,10414,4914,A11,S06,R01,Snacks,17.12
110,10415,4915,A12,S06,R05,Beverages,15.39
110,10416,4916,A07,S07,R05,Bakery,16.08
110,10417,4917,A06,S03,R02,Staples,39.73
110,10418,4918,A06,S02,R02,Staples,34.09
110,10419,4919,A08,S07,R03,Dairy,29.38
110,10420,4920,A02,S05,R02,Household,23.61
110,10421,4921,A07,S03,R05,Dairy,33.49
110,10422,4922,A09,S03,R02,Household,15.44
110,10423,4923,A09,S06,R04,Staples,16.2
110,10424,4924,A07,S05,R05,Bakery,35.76
110,10425,4925,A08,S03,R02,Beverages,7.9
110,10426,4926,A01,S01,R05,Bakery,27.85
110,10427,4927,A11,S06,R04,Snacks,8.83
110,10428,4928,A06,S06,R01,Frozen,14.26
110,10429,4929,A10,S04,R02,Dairy,31.85
110,10430,4930,A05,S06,R02,Vegetables,26.53
110,10431,4931,A04,S02,R05,Frozen,21.04
110,10432,4932,A10,S01,R04,Vegetables,32.08
110,10433,4933,A12,S05,R02,Bakery,5.95
110,10434,4934,A05,S06,R02,Beverages,20.5
110,10435,4935,A12,S03,R05,Snacks,35.68
110,10436,4936,A04,S06,R02,Personal Care,17.94
110,10437,4937,A03,S06,R01,Vegetables,15.36
110,10438,4938,A07,S06,R04,Frozen,10.74
110,10439,4939,A09,S01,R01,Snacks,30.53
110,10440,4940,A07,S03,R04,Fruits,24.1
110,10441,4941,A03,S02,R02,Frozen,9.06
110,10442,4942,A04,S05,R05,Frozen,22.28
110,10443,4943,A03,S02,R04,Beverages,14.58
110,10444,4944,A08,S07,R03,Dairy,17.63
110,10445,4945,A04,S01,R04,Snacks,13.16
110,10446,4946,A07,S05,R05,Snacks,12.18
110,10447,4947,A10,S06,R01,Bakery,21.66
110,10448,4948,A11,S02,R02,Personal Care,7.53
110,10449,4949,A11,S04,R03,Staples,13.65
110,10450,4950,A03,S02,R03,Bakery,40.07
110,10451,4951,A12,S05,R05,Household,16.16
110,10452,4952,A11,S03,R05,Bakery,21.49
110,10453,4953,A04,S06,R05,Household,11.47
110,10454,4954,A04,S02,R05,Beverages,30.34
110,10455,4955,A03,S03,R04,Dairy,39.95
110,10456,4956,A10,S04,R04,Frozen,13.4
110,10457,4957,A06,S04,R01,Bakery,18.99
110,10458,4958,A12,S06,R02,Snacks,9.11
110,10459,4959,A12,S04,R04,Bakery,29.42
110,10460,4960,A06,S03,R03,Frozen,28.27
110,10461,4961,A05,S01,R05,Household,13.3
110,10462,4962,A07,S05,R04,Staples,24.89
110,10463,4963,A11,S06,R05,Beverages,15.45
110,10464,4964,A09,S01,R04,Beverages,32.68
110,10465,4965,A12,S05,R01,Personal Care,15.76
110,10466,4966,A03,S01,R03,Household,40.86
110,10467,4967,A03,S03,R01,Staples,6.8
110,10468,4968,A10,S03,R05,Dairy,22.7
110,10469,4969,A03,S05,R05,Personal Care,35.4
110,10470,4970,A12,S06,R02,Bakery,30.68
110,10471,4971,A06,S01,R03,Fruits,39.21
110,10472,4972,A11,S02,R03,Staples,36.92
110,10473,4973,A02,S05,R02,Fruits,18.22
110,10474,4974,A07,S01,R01,Household,39.44
110,10475,4975,A05,S07,R04,Beverages,35.48
110,10476,4976,A06,S03,R02,Fruits,38.62
110,10477,4977,A09,S03,R02,Vegetables,35.33
110,10478,4978,A10,S04,R03,Snacks,39.18
110,10479,4979,A03,S05,R01,Household,30.18
110,10480,4980,A07,S04,R04,Personal Care,39.47
110,10481,4981,A03,S06,R01,Frozen,13.09
110,10482,4982,A07,S03,R01,Staples,38.79
110,10483,4983,A07,S04,R03,Household,22.98
110,10484,4984,A02,S03,R01,Personal Care,19.7
110,10485,4985,A09,S05,R05,Fruits,33.41
110,10486,4986,A01,S02,R02,Beverages,40.54
110,10487,4987,A04,S04,R03,Bakery,21.82
110,10488,4988,A02,S04,R04,Vegetables,37.41
110,10489,4989,A10,S06,R02,Frozen,35.96
110,10490,4990,A08,S03,R04,Beverages,6.18
110,10491,4991,A07,S04,R01,Bakery,20.42
110,10492,4992,A09,S06,R02,Personal Care,36.21
110,10493,4993,A01,S05,R03,Frozen,15.73
110,10494,4994,A07,S05,R03,Staples,20.34
110,10495,4995,A03,S03,R03,Fruits,35.27
110,10496,4996,A06,S03,R04,Beverages,8.79
110,10497,4997,A11,S01,R04,Snacks,27.83
110,10498,4998,A01,S03,R05,Fruits,13.41
110,10499,4999,A05,S03,R02,Fruits,25.06
110,10500,5000,A07,S06,R03,Fruits,23.42
